#,repository_owner,repository_name,source_dataset,stargazers_count,Note,file_url,Label1,Label2,Label3,Label4,Label5,Label6,Label7,Label8,Label9,Label10,Label11,Label12,Label13,Label14,Label15
1,cortesi,musq,agents,7,EXISTING CLASSIFIED FILES,https://github.com/cortesi/musq/blob/main/AGENTS.md,Implementation Details,Claude/AI Integration,Build  & Run,,,,,,,,,,,,
2,Rello,analytics,agents,136,EXISTING CLASSIFIED FILES,https://github.com/Rello/analytics/blob/master/AGENTS.md,Implementation Details,Test,Build  & Run,Debugging,,,,,,,,,,,
3,seasonedcc,remix-forms,agents,515,EXISTING CLASSIFIED FILES,https://github.com/seasonedcc/remix-forms/blob/main/AGENTS.md,Implementation Details,Configuration & Environment,Development Process,System Overview,,,,,,,,,,,
5,mirage335-colossus,ubiquitous_bash,agents,6603,EXISTING CLASSIFIED FILES,https://github.com/mirage335-colossus/ubiquitous_bash/blob/master/AGENTS.md,Build  & Run,System Overview,Test,Debugging,,,,,,,,,,,
6,KarlTDebiec,Scinoephile,agents,32,EXISTING CLASSIFIED FILES,https://github.com/KarlTDebiec/Scinoephile/blob/master/AGENTS.md,Documentation & References,Security,Claude/AI Integration,Performance,,,,,,,,,,,
7,blockscout,mcp-server,agents,6,EXISTING CLASSIFIED FILES,https://github.com/blockscout/mcp-server/blob/main/AGENTS.md,Test,System Overview,Architecture,Documentation & References,Project Management,,,,,,,,,,
8,BittnerPierre,AI-Agent-Casebook,agents,21,EXISTING CLASSIFIED FILES,https://github.com/BittnerPierre/AI-Agent-Casebook/blob/main/AGENTS.md,Implementation Details,System Overview,Configuration & Environment,,,,,,,,,,,,
9,FarmBot,Farmbot-Web-App,agents,12,EXISTING CLASSIFIED FILES,https://github.com/FarmBot/Farmbot-Web-App/blob/main/AGENTS.md,Implementation Details,Test,Build  & Run,Development Process,Configuration & Environment,,,,,,,,,,
10,open5e,open5e-api,agents,953,EXISTING CLASSIFIED FILES,https://github.com/open5e/open5e-api/blob/main/AGENTS.md,Implementation Details,System Overview,Test,UI/UX,,,,,,,,,,,
11,sequinstream,sequin,agents,173,EXISTING CLASSIFIED FILES,https://github.com/sequinstream/sequin/blob/main/AGENTS.md,Implementation Details,UI/UX,Test,Security,Performance,,,,,,,,,,
13,SwitchbackTech,compass,agents,1693,EXISTING CLASSIFIED FILES,https://github.com/SwitchbackTech/compass/blob/main/AGENTS.md,Test,Documentation & References,Build  & Run,Configuration & Environment,,,,,,,,,,,
14,tracking202,prosper202,agents,386,EXISTING CLASSIFIED FILES,https://github.com/tracking202/prosper202/blob/master/AGENTS.md,Implementation Details,Test,System Overview,Architecture,,,,,,,,,,,
15,LocalSymmetry,lofn,agents,198,EXISTING CLASSIFIED FILES,https://github.com/LocalSymmetry/lofn/blob/main/AGENTS.md,Implementation Details,Test,Configuration & Environment,,,,,,,,,,,,
16,Pirate-Weather,pirate-weather-code,agents,11,EXISTING CLASSIFIED FILES,https://github.com/Pirate-Weather/pirate-weather-code/blob/main/AGENTS.md,Documentation & References,Security,Debugging,Configuration & Environment,Development Process,,,,,,,,,,
17,samuelstevens,biobench,agents,13,EXISTING CLASSIFIED FILES,https://github.com/samuelstevens/biobench/blob/main/AGENTS.md,Build  & Run,Configuration & Environment,Claude/AI Integration,Implementation Details,,,,,,,,,,,
18,Pedal-Intelligence,saypi-userscript,agents,36,EXISTING CLASSIFIED FILES,https://github.com/Pedal-Intelligence/saypi-userscript/blob/main/CLAUDE.md,Configuration & Environment,Deployment and Operations,Implementation Details,Build  & Run,Development Process,,,,,,,,,,
20,windmill-labs,windmill,agents,8,EXISTING CLASSIFIED FILES,https://github.com/windmill-labs/windmill/blob/main/CLAUDE.md,Build  & Run,Implementation Details,System Overview,Test,,,,,,,,,,,
21,sapientpants,sonarqube-mcp-server,claude,19,EXISTING CLASSIFIED FILES,https://github.com/sapientpants/sonarqube-mcp-server/blob/main/CLAUDE.md,System Overview,Configuration & Environment,Test,Architecture,,,,,,,,,,,
22,slick,slick,claude,5968,EXISTING CLASSIFIED FILES,https://github.com/slick/slick/blob/main/CLAUDE.md,Build  & Run,Test,,,,,,,,,,,,,
25,amittell,firewalla-mcp-server,claude,14838,EXISTING CLASSIFIED FILES,https://github.com/amittell/firewalla-mcp-server/blob/main/CLAUDE.md,Implementation Details,Build  & Run,Test,Debugging,,,,,,,,,,,
26,meilisearch,meilisearch-mcp,claude,97,EXISTING CLASSIFIED FILES,https://github.com/meilisearch/meilisearch-mcp/blob/main/CLAUDE.md,Implementation Details,Test,Architecture,System Overview,,,,,,,,,,,
27,spylang,spy,claude,2667,EXISTING CLASSIFIED FILES,https://github.com/spylang/spy/blob/main/CLAUDE.md,System Overview,Architecture,Test,Build  & Run,Development Process,,,,,,,,,,
28,masc-ucsc,hagent,claude,6,EXISTING CLASSIFIED FILES,https://github.com/masc-ucsc/hagent/blob/main/CLAUDE.md,Implementation Details,Configuration & Environment,Test,Development Process,,,,,,,,,,,
29,ComposioHQ,composio,claude,615,EXISTING CLASSIFIED FILES,https://github.com/ComposioHQ/composio/blob/master/CLAUDE.md,Development Process,Performance,Debugging,,,,,,,,,,,,
30,gensx-inc,gensx,claude,8,EXISTING CLASSIFIED FILES,https://github.com/gensx-inc/gensx/blob/main/CLAUDE.md,System Overview,Implementation Details,Documentation & References,,,,,,,,,,,,
31,PostHog,posthog,claude,148,EXISTING CLASSIFIED FILES,https://github.com/PostHog/posthog/blob/master/CLAUDE.md,System Overview,Architecture,Deployment and Operations,Build  & Run,Configuration & Environment,,,,,,,,,,
33,Sylius,Sylius,claude,515,EXISTING CLASSIFIED FILES,https://github.com/Sylius/Sylius/blob/master/CLAUDE.md,Implementation Details,Configuration & Environment,,,,,,,,,,,,,
34,docdyhr,mcp-wordpress,claude,13,EXISTING CLASSIFIED FILES,https://github.com/docdyhr/mcp-wordpress/blob/main/CLAUDE.md,Documentation & References,Security,Claude/AI Integration,Architecture,Debugging,,,,,,,,,,
35,BeehiveInnovations,zen-mcp-server,claude,525,EXISTING CLASSIFIED FILES,https://github.com/BeehiveInnovations/zen-mcp-server/blob/main/CLAUDE.md,Build  & Run,Implementation Details,,,,,,,,,,,,,
36,berachain,beacon-kit,claude,29713,EXISTING CLASSIFIED FILES,https://github.com/berachain/beacon-kit/blob/main/CLAUDE.md,Claude/AI Integration,Configuration & Environment,System Overview,,,,,,,,,,,,
37,vespa-engine,pyvespa,claude,53,EXISTING CLASSIFIED FILES,https://github.com/vespa-engine/pyvespa/blob/master/.github/copilot-instructions.md,Claude/AI Integration,Implementation Details,Documentation & References,Security,Configuration & Environment,Project Management,,,,,,,,,
38,dynamoose,dynamoose,claude,27,EXISTING CLASSIFIED FILES,https://github.com/dynamoose/dynamoose/blob/main/.github/copilot-instructions.md,Claude/AI Integration,Documentation & References,Security,Implementation Details,Performance,Build  & Run,,,,,,,,,
39,gofiber,fiber,claude,9118,EXISTING CLASSIFIED FILES,https://github.com/gofiber/fiber/blob/main/.github/copilot-instructions.md,Build  & Run,Test,System Overview,Deployment and Operations,Claude/AI Integration,Configuration & Environment,,,,,,,,,
41,dsccommunity,SqlServerDsc,claude,312,EXISTING CLASSIFIED FILES,https://github.com/dsccommunity/SqlServerDsc/blob/main/.github/copilot-instructions.md,Claude/AI Integration,Project Management,,,,,,,,,,,,,
42,ydb-platform,ydb-embedded-ui,copilot-instructions,145,EXISTING CLASSIFIED FILES,https://github.com/ydb-platform/ydb-embedded-ui/blob/main/.github/copilot-instructions.md,Claude/AI Integration,Implementation Details,Test,Deployment and Operations,Development Process,Performance,,,,,,,,,
43,Agoric,agoric-sdk,copilot-instructions,2230,EXISTING CLASSIFIED FILES,https://github.com/Agoric/agoric-sdk/blob/master/.github/copilot-instructions.md,Build  & Run,Test,Debugging,,,,,,,,,,,,
44,Azure,adx-mon,copilot-instructions,38176,EXISTING CLASSIFIED FILES,https://github.com/Azure/adx-mon/blob/main/.github/copilot-instructions.md,Claude/AI Integration,Implementation Details,Documentation & References,Security,Project Management,Test,,,,,,,,,
45,Azure,azure-rest-api-specs,copilot-instructions,29,EXISTING CLASSIFIED FILES,https://github.com/Azure/azure-rest-api-specs/blob/main/.github/copilot-instructions.md,Implementation Details,System Overview,Test,Configuration & Environment,Architecture,Debugging,,,,,,,,,
46,zwave-js,zwave-js,copilot-instructions,353,EXISTING CLASSIFIED FILES,https://github.com/zwave-js/zwave-js/blob/master/.github/copilot-instructions.md,System Overview,Architecture,Implementation Details,Configuration & Environment,Security,Test,,,,,,,,,
47,timdeschryver,Sandbox,copilot-instructions,874,EXISTING CLASSIFIED FILES,https://github.com/timdeschryver/Sandbox/blob/main/.github/copilot-instructions.md,Build  & Run,Deployment and Operations,System Overview,Architecture,Configuration & Environment,Implementation Details,,,,,,,,,
48,microsoft,vscode-jupyter,copilot-instructions,23,EXISTING CLASSIFIED FILES,https://github.com/microsoft/vscode-jupyter/blob/main/.github/copilot-instructions.md,Implementation Details,System Overview,Project Management,Build  & Run,Documentation & References,Architecture,,,,,,,,,
49,AzureAD,microsoft-authentication-library-for-dotnet,copilot-instructions,2946,EXISTING CLASSIFIED FILES,https://github.com/AzureAD/microsoft-authentication-library-for-dotnet/blob/main/.github/copilot-instructions.md,,,,,,,,,,,,,,,
50,AzureAD,microsoft-identity-web,copilot-instructions,835,EXISTING CLASSIFIED FILES,https://github.com/AzureAD/microsoft-identity-web/blob/master/.github/copilot-instructions.md,Development Process,Implementation Details,Configuration & Environment,Deployment and Operations,Project Management,Claude/AI Integration,,,,,,,,,
51,pomerium,mcp-app-demo,copilot-instructions,34,EXISTING CLASSIFIED FILES,https://github.com/pomerium/mcp-app-demo/blob/main/.github/copilot-instructions.md,Configuration & Environment,System Overview,Architecture,Implementation Details,Performance,Development Process,,,,,,,,,
52,rjmurillo,moq.analyzers,copilot-instructions,1436,EXISTING CLASSIFIED FILES,https://github.com/rjmurillo/moq.analyzers/blob/main/.github/copilot-instructions.md,Implementation Details,Build  & Run,Debugging,Deployment and Operations,System Overview,,,,,,,,,,
53,dotnet,winforms,copilot-instructions,1472,EXISTING CLASSIFIED FILES,https://github.com/dotnet/winforms/blob/main/.github/copilot-instructions.md,Deployment and Operations,Claude/AI Integration,System Overview,Architecture,Implementation Details,Build  & Run,Documentation & References,Configuration & Environment,,,,,,,
54,dotnet,efcore,copilot-instructions,747,EXISTING CLASSIFIED FILES,https://github.com/dotnet/efcore/blob/main/.github/copilot-instructions.md,System Overview,Documentation & References,Project Management,Security,Implementation Details,,,,,,,,,,
55,ZachWatkins,Remarklet,copilot-instructions,53,EXISTING CLASSIFIED FILES,https://github.com/ZachWatkins/Remarklet/blob/main/.github/copilot-instructions.md,Claude/AI Integration,,,,,,,,,,,,,,
56,github,gh-gei,copilot-instructions,23,EXISTING CLASSIFIED FILES,https://github.com/github/gh-gei/blob/main/.github/copilot-instructions.md,Test,Implementation Details,Claude/AI Integration,System Overview,Configuration & Environment,Documentation & References,,,,,,,,,
57,RosegoldMC,rosegold.cr,copilot-instructions,4694,EXISTING CLASSIFIED FILES,https://github.com/RosegoldMC/rosegold.cr/blob/main/.github/copilot-instructions.md,System Overview,Configuration & Environment,Implementation Details,Architecture,Claude/AI Integration,Deployment and Operations,,,,,,,,,
58,esphome,esphome-devices,copilot-instructions,14421,EXISTING CLASSIFIED FILES,https://github.com/esphome/esphome-devices/blob/main/.github/copilot-instructions.md,Implementation Details,Build  & Run,System Overview,Architecture,Configuration & Environment,UI/UX,,,,,,,,,
59,nbonamy,witsy,copilot-instructions,10,EXISTING CLASSIFIED FILES,https://github.com/nbonamy/witsy/blob/main/.github/copilot-instructions.md,Deployment and Operations,System Overview,Build  & Run,Architecture,Implementation Details,Project Management,,,,,,,,,
60,formbricks,formbricks,copilot-instructions,391,EXISTING CLASSIFIED FILES,https://github.com/formbricks/formbricks/blob/main/.github/copilot-instructions.md,Claude/AI Integration,System Overview,Architecture,Configuration & Environment,Implementation Details,Security,,,,,,,,,
61,craft-code-club,blog-c3,copilot-instructions,28,EXISTING CLASSIFIED FILES,https://github.com/craft-code-club/blog-c3/blob/main/.github/copilot-instructions.md,Implementation Details,Claude/AI Integration,System Overview,Configuration & Environment,Documentation & References,Development Process,,,,,,,,,
62,shader-slang,slang,copilot-instructions,262,EXISTING CLASSIFIED FILES,https://github.com/shader-slang/slang/blob/master/.github/copilot-instructions.md,Implementation Details,Build  & Run,Project Management,System Overview,Documentation & References,Configuration & Environment,,,,,,,,,
4,aavetis,PRarena,copilot-instructions,1652,EXISTING CLASSIFIED FILES,https://github.com/aavetis/PRarena/blob/main/.github/copilot-instructions.md,System Overview,UI/UX,Implementation Details,Architecture,Project Management,Claude/AI Integration,,,,,,,,,
12,netz98,n98-magerun2,copilot-instructions,11422,EXISTING CLASSIFIED FILES,https://github.com/netz98/n98-magerun2/blob/master/.github/copilot-instructions.md,Claude/AI Integration,Implementation Details,System Overview,Architecture,Configuration & Environment,Documentation & References,,,,,,,,,
19,bugsink,bugsink,copilot-instructions,11,EXISTING CLASSIFIED FILES,https://github.com/bugsink/bugsink/blob/main/.github/copilot-instructions.md,Build  & Run,Implementation Details,Configuration & Environment,Debugging,System Overview,Test,,,,,,,,,
23,lbds137,tzurot,claude,7,EXISTING CLASSIFIED FILES,https://github.com/lbds137/tzurot/blob/HEAD/src/CLAUDE.md,Configuration & Environment,Documentation & References,Test,Debugging,,,,,,,,,,,
24,tphakala,birdnet-go,claude,539,EXISTING CLASSIFIED FILES,https://github.com/tphakala/birdnet-go/blob/HEAD/frontend/src/lib/desktop/components/CLAUDE.md,System Overview,Architecture,Implementation Details,,,,,,,,,,,,
32,ryanmac,code-conductor,claude,15,EXISTING CLASSIFIED FILES,https://github.com/ryanmac/code-conductor/blob/HEAD/.conductor/scripts/CLAUDE.md,Implementation Details,Architecture,System Overview,,,,,,,,,,,,
40,Azure,azure-service-operator,copilot-instructions,864,EXISTING CLASSIFIED FILES,https://github.com/Azure/azure-service-operator/blob/ddf0cd6f6c749822fbaf0218f3750e315dbdce25/.github/instructions/copilot-instructions.md,Documentation & References,Security,,,,,,,,,,,,,
63,openai,openai-agents-js,agents,1725,,https://github.com/openai/openai-agents-js/blob/main/AGENTS.md,Build  & Run,Implementation Details,Test,Configuration & Environment,Development Process,Claude/AI Integration,System Overview,,,,,,,,
64,herbie-fp,herbie,agents,825,,https://github.com/herbie-fp/herbie/blob/main/AGENTS.md,Test,Build  & Run,Configuration & Environment,Claude/AI Integration,Documentation & References,Implementation Details,Performance,,,,,,,,
65,bdougie,contributor.info,agents,18,,https://github.com/bdougie/contributor.info/blob/main/AGENTS.md,Build  & Run,Test,System Overview,Architecture,Configuration & Environment,UI/UX,Development Process,,,,,,,,
66,AustinKelsay,snstr,agents,12,,https://github.com/AustinKelsay/snstr/blob/main/AGENTS.md,Build  & Run,Test,Implementation Details,Configuration & Environment,Development Process,System Overview,Documentation & References,,,,,,,,
67,iarunsaragadam,ngx-tailwind-flex-ui,agents,7,,https://github.com/iarunsaragadam/ngx-tailwind-flex-ui/blob/main/AGENTS.md,System Overview,UI/UX,Architecture,Implementation Details,Test,Documentation & References,Claude/AI Integration,,,,,,,,
68,unclehowell,datro,agents,5,,https://github.com/unclehowell/datro/blob/master/AGENTS.md,Claude/AI Integration,Implementation Details,Documentation & References,UI/UX,Architecture,Project Management,System Overview,,,,,,,,
69,jlowin,fastmcp,agents,19226,,https://github.com/jlowin/fastmcp/blob/main/AGENTS.md,Implementation Details,Build  & Run,System Overview,Development Process,Test,Architecture,Claude/AI Integration,,,,,,,,
70,SpineEventEngine,core-java,agents,38,,https://github.com/SpineEventEngine/core-java/blob/master/AGENTS.md,Claude/AI Integration,Documentation & References,Implementation Details,,,,,,,,,,,,
71,minio,pkg,agents,30,,https://github.com/minio/pkg/blob/main/AGENTS.md,Test,Implementation Details,Configuration & Environment,Development Process,Claude/AI Integration,Documentation & References,Build  & Run,,,,,,,,
72,EricLBuehler,mistral.rs,agents,6145,,https://github.com/EricLBuehler/mistral.rs/blob/master/AGENTS.md,Implementation Details,Build  & Run,Deployment and Operations,System Overview,Architecture,Claude/AI Integration,Test,,,,,,,,
73,eduzen,website,agents,10,,https://github.com/eduzen/website/blob/main/AGENTS.md,Build  & Run,Test,System Overview,Configuration & Environment,Deployment and Operations,Development Process,Architecture,,,,,,,,
74,Wroud,foundation,agents,20,,https://github.com/Wroud/foundation/blob/main/AGENTS.md,Build  & Run,Test,Configuration & Environment,Claude/AI Integration,Implementation Details,Project Management,System Overview,,,,,,,,
75,tecnomanu,agent-rules-kit,agents,25,,https://github.com/tecnomanu/agent-rules-kit/blob/main/AGENTS.md,Claude/AI Integration,Implementation Details,UI/UX,Build  & Run,Project Management,System Overview,Architecture,,,,,,,,
76,whiteducksoftware,flock,agents,70,,https://github.com/whiteducksoftware/flock/blob/master/AGENTS.md,Implementation Details,Claude/AI Integration,Build  & Run,Test,Architecture,Debugging,System Overview,,,,,,,,
77,PV-Bhat,vibe-check-mcp-server,agents,265,,https://github.com/PV-Bhat/vibe-check-mcp-server/blob/main/AGENTS.md,Build  & Run,Claude/AI Integration,Test,System Overview,Deployment and Operations,Architecture,Configuration & Environment,,,,,,,,
78,stampchain-io,BTCStampsExplorer,agents,11,,https://github.com/stampchain-io/BTCStampsExplorer/blob/main/AGENTS.md,System Overview,Architecture,Claude/AI Integration,Configuration & Environment,Project Management,Implementation Details,Build  & Run,,,,,,,,
79,lynx-family,lynx-stack,agents,617,,https://github.com/lynx-family/lynx-stack/blob/main/AGENTS.md,Build  & Run,Implementation Details,Test,UI/UX,Configuration & Environment,System Overview,Architecture,,,,,,,,
80,amplitude,Amplitude-TypeScript,agents,166,,https://github.com/amplitude/Amplitude-TypeScript/blob/main/AGENTS.md,Build  & Run,Test,Development Process,Claude/AI Integration,Documentation & References,Implementation Details,System Overview,,,,,,,,
81,thrasher-corp,gocryptotrader,agents,3313,,https://github.com/thrasher-corp/gocryptotrader/blob/master/AGENTS.md,Claude/AI Integration,,,,,,,,,,,,,,
82,TypedDevs,bashunit,agents,378,,https://github.com/TypedDevs/bashunit/blob/main/AGENTS.md,Test,Implementation Details,Project Management,Documentation & References,Build  & Run,Development Process,Maintanability,,,,,,,,
83,nodetool-ai,nodetool,agents,127,,https://github.com/nodetool-ai/nodetool/blob/main/AGENTS.md,Implementation Details,UI/UX,Architecture,System Overview,Build  & Run,Claude/AI Integration,Project Management,,,,,,,,
84,Azure,terraform-azurerm-avm-res-authorization-roleassignment,agents,14,,https://github.com/Azure/terraform-azurerm-avm-res-authorization-roleassignment/blob/main/AGENTS.md,System Overview,Deployment and Operations,Architecture,Documentation & References,Development Process,Implementation Details,Security,,,,,,,,
85,puemos,hls-downloader,agents,2333,,https://github.com/puemos/hls-downloader/blob/master/AGENTS.md,System Overview,Build  & Run,Implementation Details,UI/UX,Architecture,Test,Project Management,,,,,,,,
86,MakePrisms,boardwalkcash,agents,46,,https://github.com/MakePrisms/boardwalkcash/blob/master/AGENTS.md,System Overview,Implementation Details,Configuration & Environment,Architecture,UI/UX,Test,Build  & Run,,,,,,,,
87,naveedanwarbhatti,Self-Citations-Checker,agents,20,,https://github.com/naveedanwarbhatti/Self-Citations-Checker/blob/main/AGENTS.md,Build  & Run,Test,Deployment and Operations,System Overview,Project Management,Claude/AI Integration,Documentation & References,,,,,,,,
88,hotovo,aider-desk,agents,835,,https://github.com/hotovo/aider-desk/blob/main/AGENTS.md,Build  & Run,Claude/AI Integration,System Overview,Architecture,Configuration & Environment,Implementation Details,Deployment and Operations,,,,,,,,
89,adaptive,pops,agents,25,,https://github.com/adaptive/pops/blob/main/AGENTS.md,Build  & Run,Test,Development Process,Configuration & Environment,System Overview,Architecture,Claude/AI Integration,,,,,,,,
90,BarthPaleologue,CosmosJourneyer,agents,24,,https://github.com/BarthPaleologue/CosmosJourneyer/blob/main/AGENTS.md,Implementation Details,Test,Development Process,Build  & Run,Claude/AI Integration,Configuration & Environment,Performance,,,,,,,,
91,thorek1,MacroModelling.jl,agents,129,,https://github.com/thorek1/MacroModelling.jl/blob/main/AGENTS.md,Build  & Run,Implementation Details,Test,Performance,Documentation & References,Security,Deployment and Operations,,,,,,,,
92,mkht,PSOpenAI,agents,56,,https://github.com/mkht/PSOpenAI/blob/main/AGENTS.md,System Overview,Claude/AI Integration,Documentation & References,Implementation Details,Build  & Run,Architecture,Test,,,,,,,,
93,UltimateBrent,discord-rod,agents,11,,https://github.com/UltimateBrent/discord-rod/blob/master/AGENTS.md,Implementation Details,Build  & Run,Claude/AI Integration,Development Process,System Overview,Project Management,Test,,,,,,,,
94,XOXNO,rs-lending,agents,8,,https://github.com/XOXNO/rs-lending/blob/master/AGENTS.md,Build  & Run,Implementation Details,Test,Development Process,Claude/AI Integration,Configuration & Environment,Deployment and Operations,,,,,,,,
95,nounder,effect-start,agents,19,,https://github.com/nounder/effect-start/blob/main/AGENTS.md,Test,System Overview,Architecture,Deployment and Operations,Implementation Details,Configuration & Environment,Build  & Run,,,,,,,,
96,elizaOS,autonomous-starter,agents,22,,https://github.com/elizaOS/autonomous-starter/blob/main/AGENTS.md,Test,Implementation Details,Build  & Run,System Overview,Claude/AI Integration,Documentation & References,Architecture,,,,,,,,
97,zoonk,zoonk,agents,77,,https://github.com/zoonk/zoonk/blob/main/AGENTS.md,UI/UX,Architecture,Implementation Details,System Overview,Test,Claude/AI Integration,Documentation & References,,,,,,,,
98,njfio,fluent_cli,agents,48,*,https://github.com/njfio/fluent_cli/blob/main/AGENTS.md,Build  & Run,Test,Configuration & Environment,Implementation Details,Deployment and Operations,Development Process,System Overview,,,,,,,,
99,vitejs,vite-plugin-react,agents,912,,https://github.com/vitejs/vite-plugin-react/blob/main/AGENTS.md,Documentation & References,UI/UX,Claude/AI Integration,Implementation Details,Build  & Run,System Overview,Test,,,,,,,,
100,rsmp-nordic,rsmp_validator,agents,5,,https://github.com/rsmp-nordic/rsmp_validator/blob/main/AGENTS.md,Test,Configuration & Environment,Implementation Details,Build  & Run,Documentation & References,Deployment and Operations,Debugging,,,,,,,,
101,sooperset,mcp-atlassian,agents,3363,,https://github.com/sooperset/mcp-atlassian/blob/main/AGENTS.md,System Overview,Development Process,Build  & Run,Test,Debugging,Architecture,Implementation Details,,,,,,,,
102,OpenAF,openaf,agents,12,,https://github.com/OpenAF/openaf/blob/master/AGENTS.md,Build  & Run,Configuration & Environment,Test,Claude/AI Integration,Documentation & References,Implementation Details,Development Process,,,,,,,,
103,F286,VsHelix,agents,8,,https://github.com/F286/VsHelix/blob/master/AGENTS.md,Implementation Details,Test,System Overview,Documentation & References,Development Process,Claude/AI Integration,Build  & Run,,,,,,,,
104,naveedanwarbhatti,Google-Scholar-Conference-Ranker,agents,19,,https://github.com/naveedanwarbhatti/Google-Scholar-Conference-Ranker/blob/main/AGENTS.md,Build  & Run,Test,Deployment and Operations,System Overview,Project Management,Claude/AI Integration,Documentation & References,,,,,,,,
105,selfxyz,self,agents,1064,,https://github.com/selfxyz/self/blob/main/AGENTS.md,Build  & Run,Implementation Details,Development Process,Test,Claude/AI Integration,UI/UX,Deployment and Operations,,,,,,,,
106,cartography-cncf,cartography,agents,3590,*,https://github.com/cartography-cncf/cartography/blob/master/AGENTS.md,Implementation Details,System Overview,Test,Architecture,Claude/AI Integration,Configuration & Environment,Performance,,,,,,,,
107,kyryl-opens-ml,no-ocr,agents,166,,https://github.com/kyryl-opens-ml/no-ocr/blob/main/AGENTS.md,System Overview,Architecture,Claude/AI Integration,Build  & Run,Configuration & Environment,UI/UX,Implementation Details,,,,,,,,
108,Skyvern-AI,skyvern,agents,14637,,https://github.com/Skyvern-AI/skyvern/blob/main/AGENTS.md,Implementation Details,System Overview,Debugging,Architecture,Development Process,Documentation & References,Test,,,,,,,,
109,bruin-data,bruin,agents,1136,,https://github.com/bruin-data/bruin/blob/main/AGENTS.md,Build  & Run,Test,Implementation Details,Configuration & Environment,Claude/AI Integration,Deployment and Operations,Development Process,,,,,,,,
110,msgbyte,tianji,agents,2793,,https://github.com/msgbyte/tianji/blob/master/AGENTS.md,Build  & Run,Configuration & Environment,Test,Development Process,System Overview,Architecture,Implementation Details,,,,,,,,
111,faros-ai,airbyte-connectors,agents,122,,https://github.com/faros-ai/airbyte-connectors/blob/main/AGENTS.md,Implementation Details,Test,Build  & Run,Claude/AI Integration,Architecture,Configuration & Environment,System Overview,,,,,,,,
112,anderssv,kotlin-htmx,agents,60,,https://github.com/anderssv/kotlin-htmx/blob/main/AGENTS.md,Implementation Details,Test,Build  & Run,System Overview,Architecture,Project Management,Claude/AI Integration,,,,,,,,
113,chainbound,taikoscope,agents,8,,https://github.com/chainbound/taikoscope/blob/main/AGENTS.md,Test,Build  & Run,System Overview,Architecture,Implementation Details,Deployment and Operations,Debugging,,,,,,,,
114,andrejvysny,spendly,agents,8,,https://github.com/andrejvysny/spendly/blob/main/AGENTS.md,System Overview,Implementation Details,Architecture,UI/UX,Claude/AI Integration,Configuration & Environment,Build  & Run,,,,,,,,
115,sqlrooms,sqlrooms,agents,272,,https://github.com/sqlrooms/sqlrooms/blob/main/AGENTS.md,Documentation & References,Build  & Run,Configuration & Environment,Claude/AI Integration,Implementation Details,System Overview,Architecture,,,,,,,,
116,KristopherKubicki,glimpser,agents,26,,https://github.com/KristopherKubicki/glimpser/blob/main/AGENTS.md,Implementation Details,Build  & Run,Development Process,Test,System Overview,UI/UX,,,,,,,,,
117,arthurhenrique,cookiecutter-fastapi,agents,589,,https://github.com/arthurhenrique/cookiecutter-fastapi/blob/main/AGENTS.md,Development Process,Implementation Details,Documentation & References,Build  & Run,Test,Security,,,,,,,,,
118,nextcloud,desktop,agents,3432,,https://github.com/nextcloud/desktop/blob/master/AGENTS.md,System Overview,Claude/AI Integration,Development Process,Documentation & References,Architecture,Project Management,Debugging,,,,,,,,
119,kdroidFilter,Platform-Tools,agents,97,,https://github.com/kdroidFilter/Platform-Tools/blob/master/AGENTS.md,System Overview,Test,Implementation Details,Architecture,Build  & Run,Development Process,Claude/AI Integration,,,,,,,,
120,nornagon,cdda-guide,agents,135,,https://github.com/nornagon/cdda-guide/blob/main/AGENTS.md,Implementation Details,Build  & Run,Configuration & Environment,System Overview,Test,Development Process,Claude/AI Integration,,,,,,,,
121,microsoft,mcp-dotnet-samples,agents,116,,https://github.com/microsoft/mcp-dotnet-samples/blob/main/AGENTS.md,Implementation Details,Configuration & Environment,Deployment and Operations,Claude/AI Integration,Test,System Overview,Build  & Run,,,,,,,,
122,usememos,memos,agents,45040,,https://github.com/usememos/memos/blob/main/AGENTS.md,UI/UX,Architecture,System Overview,Deployment and Operations,Build  & Run,Configuration & Environment,Implementation Details,,,,,,,,
123,cablehead,xs,agents,106,,https://github.com/cablehead/xs/blob/main/AGENTS.md,Development Process,System Overview,Debugging,Implementation Details,Deployment and Operations,Claude/AI Integration,Build  & Run,,,,,,,,
124,xuyecan,alfred-chathub,agents,41,,https://github.com/xuyecan/alfred-chathub/blob/main/AGENTS.md,Implementation Details,Configuration & Environment,Build  & Run,Claude/AI Integration,System Overview,Architecture,Test,,,,,,,,
125,bldrs-ai,Share,agents,146,,https://github.com/bldrs-ai/Share/blob/main/AGENTS.md,Build  & Run,Implementation Details,System Overview,Architecture,UI/UX,Test,Claude/AI Integration,,,,,,,,
126,uxlfoundation,oneDAL,agents,643,,https://github.com/uxlfoundation/oneDAL/blob/main/AGENTS.md,Documentation & References,Implementation Details,Architecture,Build  & Run,System Overview,Configuration & Environment,Deployment and Operations,,,,,,,,
127,swc-project,swc,agents,32827,*,https://github.com/swc-project/swc/blob/main/AGENTS.md,Implementation Details,Documentation & References,Build  & Run,Test,Performance,Debugging,,,,,,,,,
128,alexlwn123,LastPayWins,agents,11,,https://github.com/alexlwn123/LastPayWins/blob/main/AGENTS.md,Implementation Details,System Overview,Build  & Run,Test,Architecture,Configuration & Environment,Deployment and Operations,,,,,,,,
129,jkroepke,openvpn-auth-oauth2,agents,345,,https://github.com/jkroepke/openvpn-auth-oauth2/blob/main/AGENTS.md,System Overview,Configuration & Environment,Architecture,Documentation & References,Implementation Details,Project Management,Deployment and Operations,,,,,,,,
130,cybrota,scharf,agents,13,,https://github.com/cybrota/scharf/blob/main/AGENTS.md,Implementation Details,Documentation & References,Build  & Run,Test,Architecture,Development Process,Security,,,,,,,,
131,thrasher-,gocryptotrader,agents,11,,https://github.com/thrasher-/gocryptotrader/blob/master/AGENTS.md,Claude/AI Integration,,,,,,,,,,,,,,
132,joshuadanpeterson,typewriter.nvim,agents,38,,https://github.com/joshuadanpeterson/typewriter.nvim/blob/main/AGENTS.md,Implementation Details,Documentation & References,Test,Build  & Run,System Overview,Claude/AI Integration,Project Management,,,,,,,,
133,skip-mev,skip-go,agents,25,,https://github.com/skip-mev/skip-go/blob/main/AGENTS.md,Implementation Details,Test,System Overview,Architecture,Claude/AI Integration,Debugging,Project Management,,,,,,,,
134,remorses,fumabase,agents,506,,https://github.com/remorses/fumabase/blob/main/AGENTS.md,Implementation Details,Build  & Run,System Overview,Test,Architecture,Documentation & References,Claude/AI Integration,,,,,,,,
135,MaximiliumM,appearancemenumod,agents,16,,https://github.com/MaximiliumM/appearancemenumod/blob/main/AGENTS.md,Implementation Details,Development Process,Claude/AI Integration,Build  & Run,Deployment and Operations,Documentation & References,Test,,,,,,,,
136,RickCarlino,gnutella-bun-client,agents,6,,https://github.com/RickCarlino/gnutella-bun-client/blob/main/AGENTS.md,System Overview,Implementation Details,Test,Build  & Run,Claude/AI Integration,Documentation & References,Architecture,,,,,,,,
137,heyverse,hey,agents,29482,,https://github.com/heyverse/hey/blob/main/AGENTS.md,System Overview,Build  & Run,UI/UX,Claude/AI Integration,Configuration & Environment,Architecture,Implementation Details,,,,,,,,
138,microsoft,mcp,agents,2010,,https://github.com/microsoft/mcp/blob/main/AGENTS.md,Deployment and Operations,Implementation Details,Build  & Run,System Overview,Architecture,Test,Configuration & Environment,,,,,,,,
139,openai,openai-agents-python,agents,16610,,https://github.com/openai/openai-agents-python/blob/main/AGENTS.md,Build  & Run,Implementation Details,Test,Documentation & References,Development Process,System Overview,Claude/AI Integration,,,,,,,,
140,mazrean,kessoku,claude,92,,https://github.com/mazrean/kessoku/blob/main/CLAUDE.md,Implementation Details,Build  & Run,System Overview,Architecture,Configuration & Environment,Development Process,Test,,,,,,,,
141,bbfox0703,Mydev-Cheat-Engine-Tables,claude,25,,https://github.com/bbfox0703/Mydev-Cheat-Engine-Tables/blob/main/CLAUDE.md,Implementation Details,Documentation & References,Development Process,Performance,Claude/AI Integration,System Overview,Architecture,,,,,,,,
142,riffcc,flagship,claude,10,,https://github.com/riffcc/flagship/blob/main/CLAUDE.md,Build  & Run,UI/UX,Implementation Details,Test,System Overview,Configuration & Environment,Architecture,,,,,,,,
143,getsentry,launchpad,claude,5,,https://github.com/getsentry/launchpad/blob/main/CLAUDE.md,Implementation Details,Test,System Overview,Configuration & Environment,Architecture,Deployment and Operations,Claude/AI Integration,,,,,,,,
144,ar-io,ar-io-node,claude,109,,https://github.com/ar-io/ar-io-node/blob/main/CLAUDE.md,Test,Build  & Run,Implementation Details,System Overview,Architecture,Documentation & References,Deployment and Operations,,,,,,,,
145,komura-c,MusiL,claude,9,,https://github.com/komura-c/MusiL/blob/main/CLAUDE.md,Build  & Run,Implementation Details,System Overview,UI/UX,Deployment and Operations,Claude/AI Integration,Test,,,,,,,,
146,buger,probe,claude,387,,https://github.com/buger/probe/blob/main/CLAUDE.md,Implementation Details,Test,Debugging,Build  & Run,System Overview,Claude/AI Integration,Development Process,,,,,,,,
147,alexanderthclark,Matplotlib-for-Storytellers,claude,32,*,https://github.com/alexanderthclark/Matplotlib-for-Storytellers/blob/main/CLAUDE.md,Implementation Details,System Overview,Claude/AI Integration,Build  & Run,Architecture,Project Management,Documentation & References,,,,,,,,
148,Melvynx,saveit.now,claude,17,,https://github.com/Melvynx/saveit.now/blob/main/CLAUDE.md,Configuration & Environment,System Overview,Implementation Details,Architecture,Build  & Run,Deployment and Operations,UI/UX,,,,,,,,
149,sugyan,claude-code-webui,claude,640,,https://github.com/sugyan/claude-code-webui/blob/main/CLAUDE.md,Claude/AI Integration,System Overview,Implementation Details,Build  & Run,UI/UX,Configuration & Environment,Architecture,,,,,,,,
150,miurla,morphic,claude,8271,,https://github.com/miurla/morphic/blob/main/CLAUDE.md,Claude/AI Integration,Implementation Details,Build  & Run,Configuration & Environment,System Overview,Architecture,Deployment and Operations,,,,,,,,
151,knyga,html2thermal,claude,47,,https://github.com/knyga/html2thermal/blob/master/CLAUDE.md,Implementation Details,Test,Build  & Run,System Overview,Architecture,UI/UX,Project Management,,,,,,,,
152,Shinyaigeek,shinyaigeek.dev,claude,9,,https://github.com/Shinyaigeek/shinyaigeek.dev/blob/main/CLAUDE.md,Build  & Run,Implementation Details,Configuration & Environment,System Overview,Deployment and Operations,Claude/AI Integration,UI/UX,,,,,,,,
153,evmts,tevm-monorepo,claude,408,,https://github.com/evmts/tevm-monorepo/blob/main/CLAUDE.md,Build  & Run,Implementation Details,Test,Configuration & Environment,System Overview,Documentation & References,Claude/AI Integration,,,,,,,,
154,ajanraj,OpenChat,claude,102,,https://github.com/ajanraj/OpenChat/blob/main/CLAUDE.md,Implementation Details,UI/UX,System Overview,Test,Architecture,Claude/AI Integration,Build  & Run,,,,,,,,
155,op-rs,kona,claude,262,,https://github.com/op-rs/kona/blob/main/CLAUDE.md,Implementation Details,Build  & Run,System Overview,Test,Architecture,Configuration & Environment,Claude/AI Integration,,,,,,,,
156,reinier,dotfiles,claude,8,,https://github.com/reinier/dotfiles/blob/main/CLAUDE.md,Configuration & Environment,Implementation Details,Claude/AI Integration,Project Management,Test,System Overview,Architecture,,,,,,,,
157,basicmachines-co,basic-memory,claude,1949,,https://github.com/basicmachines-co/basic-memory/blob/main/CLAUDE.md,Claude/AI Integration,Implementation Details,Performance,System Overview,Configuration & Environment,Architecture,Test,,,,,,,,
158,SecDev-Lab,sprout,claude,7,,https://github.com/SecDev-Lab/sprout/blob/main/CLAUDE.md,Implementation Details,Test,Documentation & References,Development Process,Project Management,System Overview,Claude/AI Integration,,,,,,,,
159,safety-research,safety-tooling,claude,77,,https://github.com/safety-research/safety-tooling/blob/main/CLAUDE.md,Claude/AI Integration,Implementation Details,System Overview,Architecture,Configuration & Environment,Documentation & References,Test,,,,,,,,
160,basher83,ProxmoxMCP,claude,10,,https://github.com/basher83/ProxmoxMCP/blob/main/CLAUDE.md,Configuration & Environment,Build  & Run,Implementation Details,Security,Test,Claude/AI Integration,System Overview,,,,,,,,
161,yuneco,canvas-draw-styled-text,claude,38,,https://github.com/yuneco/canvas-draw-styled-text/blob/main/CLAUDE.md,Build  & Run,Implementation Details,System Overview,Claude/AI Integration,Architecture,UI/UX,Test,,,,,,,,
162,ryanaidilp,stadata_flutter_sdk,claude,18,,https://github.com/ryanaidilp/stadata_flutter_sdk/blob/main/CLAUDE.md,Implementation Details,Test,Claude/AI Integration,System Overview,Documentation & References,Architecture,Build  & Run,,,,,,,,
163,amun-ai,hypha,claude,19,,https://github.com/amun-ai/hypha/blob/main/CLAUDE.md,Implementation Details,System Overview,Architecture,Configuration & Environment,Deployment and Operations,Security,Claude/AI Integration,,,,,,,,
164,langchain-ai,langchain,claude,117487,,https://github.com/langchain-ai/langchain/blob/master/CLAUDE.md,Implementation Details,Test,System Overview,Configuration & Environment,Architecture,Build  & Run,Claude/AI Integration,,,,,,,,
165,lfnovo,esperanto,claude,49,,https://github.com/lfnovo/esperanto/blob/main/CLAUDE.md,Implementation Details,Test,System Overview,Claude/AI Integration,Documentation & References,Build  & Run,Project Management,,,,,,,,
166,elizaOS,eliza,claude,17004,,https://github.com/elizaOS/eliza/blob/main/CLAUDE.md,Build  & Run,Implementation Details,Test,System Overview,Configuration & Environment,Architecture,Claude/AI Integration,,,,,,,,
167,linksort,linksort,claude,41,,https://github.com/linksort/linksort/blob/main/CLAUDE.md,Claude/AI Integration,Build  & Run,Configuration & Environment,Deployment and Operations,Implementation Details,System Overview,UI/UX,,,,,,,,
168,MCPJam,inspector,claude,1192,,https://github.com/MCPJam/inspector/blob/main/CLAUDE.md,Claude/AI Integration,Build  & Run,System Overview,Test,Architecture,Debugging,Configuration & Environment,,,,,,,,
169,sorryhyun,DiPeO,claude,11,,https://github.com/sorryhyun/DiPeO/blob/main/CLAUDE.md,Architecture,Implementation Details,System Overview,Claude/AI Integration,Documentation & References,Build  & Run,Configuration & Environment,,,,,,,,
170,FluidGroup,Brightroom,claude,3582,,https://github.com/FluidGroup/Brightroom/blob/main/CLAUDE.md,Implementation Details,Build  & Run,System Overview,Architecture,UI/UX,Test,Project Management,,,,,,,,
171,stid,Apple1JS,claude,12,,https://github.com/stid/Apple1JS/blob/master/CLAUDE.md,Implementation Details,Test,Build  & Run,Development Process,System Overview,Architecture,Project Management,,,,,,,,
172,aaronjmars,tweazy,claude,20,,https://github.com/aaronjmars/tweazy/blob/main/CLAUDE.md,Claude/AI Integration,Configuration & Environment,Architecture,Implementation Details,Build  & Run,System Overview,Documentation & References,,,,,,,,
173,bitsacco,os,claude,10,,https://github.com/bitsacco/os/blob/main/CLAUDE.md,Test,Implementation Details,Build  & Run,System Overview,Configuration & Environment,Development Process,Documentation & References,,,,,,,,
174,bdougie,contributor.info,claude,18,,https://github.com/bdougie/contributor.info/blob/main/CLAUDE.md,System Overview,Implementation Details,Configuration & Environment,Architecture,Build  & Run,Test,UI/UX,,,,,,,,
175,Veloera,Veloera,claude,1382,,https://github.com/Veloera/Veloera/blob/main/CLAUDE.md,Build  & Run,Implementation Details,UI/UX,Deployment and Operations,Claude/AI Integration,System Overview,Architecture,,,,,,,,
176,d-kimuson,claude-crew,claude,41,,https://github.com/d-kimuson/claude-crew/blob/main/CLAUDE.md,Test,Build  & Run,Implementation Details,Debugging,Claude/AI Integration,Configuration & Environment,Development Process,,,,,,,,
177,Clarity-Digital-Twin,big-mood-detector,claude,29,,https://github.com/Clarity-Digital-Twin/big-mood-detector/blob/main/CLAUDE.md,Claude/AI Integration,Build  & Run,Deployment and Operations,Test,Implementation Details,Configuration & Environment,System Overview,,,,,,,,
178,cloudposse,atmos,claude,1170,*,https://github.com/cloudposse/atmos/blob/main/CLAUDE.md,Implementation Details,Build  & Run,Test,Configuration & Environment,Architecture,System Overview,Deployment and Operations,,,,,,,,
179,moosefs,pve-moosefs,claude,18,*,https://github.com/moosefs/pve-moosefs/blob/main/CLAUDE.md,Implementation Details,Development Process,Test,System Overview,Configuration & Environment,Build  & Run,Documentation & References,,,,,,,,
180,Medo42,Faucet-Lobby,claude,5,,https://github.com/Medo42/Faucet-Lobby/blob/master/CLAUDE.md,Implementation Details,System Overview,Architecture,Deployment and Operations,Claude/AI Integration,UI/UX,Configuration & Environment,,,,,,,,
181,serendie,serendie,claude,39,*,https://github.com/serendie/serendie/blob/main/CLAUDE.md,Build  & Run,UI/UX,Architecture,System Overview,Implementation Details,Configuration & Environment,Claude/AI Integration,,,,,,,,
182,ThreatFlux,githubWorkFlowChecker,claude,5,,https://github.com/ThreatFlux/githubWorkFlowChecker/blob/main/CLAUDE.md,Build  & Run,Test,Implementation Details,Configuration & Environment,Security,Development Process,Claude/AI Integration,,,,,,,,
183,vgijssel,setup,claude,8,,https://github.com/vgijssel/setup/blob/main/CLAUDE.md,Configuration & Environment,System Overview,Build  & Run,Deployment and Operations,Project Management,Implementation Details,Documentation & References,,,,,,,,
184,waldzellai,adk-typescript,claude,77,,https://github.com/waldzellai/adk-typescript/blob/main/CLAUDE.md,Implementation Details,Build  & Run,Test,Claude/AI Integration,Debugging,Configuration & Environment,System Overview,,,,,,,,
185,TrueCrimeAudit,ClautoHotkey,claude,7,,https://github.com/TrueCrimeAudit/ClautoHotkey/blob/main/CLAUDE.md,Implementation Details,System Overview,Architecture,Configuration & Environment,Claude/AI Integration,Test,Development Process,,,,,,,,
186,quantified-uncertainty,roast-my-post,claude,11,,https://github.com/quantified-uncertainty/roast-my-post/blob/main/CLAUDE.md,Development Process,Build  & Run,System Overview,Configuration & Environment,Claude/AI Integration,Architecture,Implementation Details,,,,,,,,
187,deeeed,expo-audio-stream,claude,222,,https://github.com/deeeed/expo-audio-stream/blob/main/CLAUDE.md,Build  & Run,Test,Claude/AI Integration,Implementation Details,Configuration & Environment,UI/UX,System Overview,,,,,,,,
188,hedoluna,fft,claude,11,*,https://github.com/hedoluna/fft/blob/main/CLAUDE.md,Implementation Details,Test,Build  & Run,Performance,Architecture,System Overview,Claude/AI Integration,,,,,,,,
189,syntaxfm,website,claude,1157,,https://github.com/syntaxfm/website/blob/main/CLAUDE.md,System Overview,Architecture,Implementation Details,Configuration & Environment,Build  & Run,Claude/AI Integration,Test,,,,,,,,
190,pedramamini,RewindMCP,claude,12,,https://github.com/pedramamini/RewindMCP/blob/main/CLAUDE.md,Configuration & Environment,System Overview,Architecture,Implementation Details,Claude/AI Integration,Test,Deployment and Operations,,,,,,,,
191,anyproto,anytype-raycast,claude,18,,https://github.com/anyproto/anytype-raycast/blob/main/CLAUDE.md,Build  & Run,Claude/AI Integration,Architecture,System Overview,Implementation Details,Test,Configuration & Environment,,,,,,,,
192,promptfoo,promptfoo,claude,8747,,https://github.com/promptfoo/promptfoo/blob/main/CLAUDE.md,Build  & Run,Configuration & Environment,Implementation Details,Development Process,Claude/AI Integration,System Overview,Test,,,,,,,,
193,ruvnet,claude-flow,claude,9047,*,https://github.com/ruvnet/claude-flow/blob/main/CLAUDE.md,Claude/AI Integration,Project Management,Implementation Details,Architecture,Build  & Run,System Overview,Performance,,,,,,,,
194,hivesolutions,appier,claude,130,,https://github.com/hivesolutions/appier/blob/master/CLAUDE.md,Implementation Details,Claude/AI Integration,Configuration & Environment,System Overview,Build  & Run,Architecture,Documentation & References,,,,,,,,
195,avalan-ai,avalan,claude,29,,https://github.com/avalan-ai/avalan/blob/main/CLAUDE.md,Claude/AI Integration,Implementation Details,Build  & Run,Architecture,Configuration & Environment,Test,Performance,,,,,,,,
196,shopware,shopware-cli,claude,104,,https://github.com/shopware/shopware-cli/blob/main/CLAUDE.md,Build  & Run,Claude/AI Integration,System Overview,Configuration & Environment,Implementation Details,Test,Project Management,,,,,,,,
197,nyvyn,helpful.computer,claude,8,,https://github.com/nyvyn/helpful.computer/blob/main/CLAUDE.md,Build  & Run,Claude/AI Integration,Implementation Details,Configuration & Environment,System Overview,Architecture,Test,,,,,,,,
198,cablehead,http-nu,claude,48,,https://github.com/cablehead/http-nu/blob/main/CLAUDE.md,Development Process,Debugging,Implementation Details,Deployment and Operations,Claude/AI Integration,Build  & Run,Test,,,,,,,,
199,reown-com,blockchain-api,claude,124,,https://github.com/reown-com/blockchain-api/blob/main/CLAUDE.md,Build  & Run,Configuration & Environment,Claude/AI Integration,System Overview,Architecture,Implementation Details,Test,,,,,,,,
200,pathintegral-institute,mcpm.sh,claude,767,,https://github.com/pathintegral-institute/mcpm.sh/blob/main/CLAUDE.md,Build  & Run,Project Management,Development Process,System Overview,Implementation Details,Claude/AI Integration,Test,,,,,,,,
201,Data-Simply,pyretailscience,claude,8,,https://github.com/Data-Simply/pyretailscience/blob/main/CLAUDE.md,Implementation Details,Build  & Run,Test,Architecture,Development Process,System Overview,Documentation & References,,,,,,,,
202,GaloyMoney,lana-bank,claude,37,,https://github.com/GaloyMoney/lana-bank/blob/main/CLAUDE.md,Architecture,Build  & Run,Implementation Details,Test,System Overview,UI/UX,Debugging,,,,,,,,
203,deref,transcript,claude,7,,https://github.com/deref/transcript/blob/main/CLAUDE.md,Build  & Run,Documentation & References,Implementation Details,Test,System Overview,Project Management,,,,,,,,,
204,xlnfinance,xln,claude,92,*,https://github.com/xlnfinance/xln/blob/main/CLAUDE.md,Implementation Details,Build  & Run,Test,System Overview,Architecture,Debugging,Configuration & Environment,,,,,,,,
205,antimetal,system-agent,claude,8,*,https://github.com/antimetal/system-agent/blob/main/CLAUDE.md,Implementation Details,Deployment and Operations,Test,Development Process,Performance,Build  & Run,Claude/AI Integration,,,,,,,,
206,0x-j,aptos-full-stack-template,claude,18,,https://github.com/0x-j/aptos-full-stack-template/blob/main/CLAUDE.md,Build  & Run,Configuration & Environment,UI/UX,System Overview,Architecture,Deployment and Operations,Implementation Details,,,,,,,,
207,ithacaxyz,account,claude,293,*,https://github.com/ithacaxyz/account/blob/main/CLAUDE.md,Implementation Details,Test,Build  & Run,System Overview,Architecture,Project Management,Development Process,,,,,,,,
208,Azure,fleet,claude,220,,https://github.com/Azure/fleet/blob/main/CLAUDE.md,Test,Implementation Details,Build  & Run,Claude/AI Integration,Architecture,System Overview,Deployment and Operations,,,,,,,,
209,ktaka-ccmp,oauth2-passkey,claude,9,,https://github.com/ktaka-ccmp/oauth2-passkey/blob/master/CLAUDE.md,Implementation Details,Test,Configuration & Environment,Build  & Run,Architecture,System Overview,Claude/AI Integration,,,,,,,,
210,twentyhq,twenty,claude,36117,,https://github.com/twentyhq/twenty/blob/main/CLAUDE.md,Architecture,System Overview,Build  & Run,Implementation Details,Configuration & Environment,Test,Deployment and Operations,,,,,,,,
211,alchemiststudiosDOTai,tinyAgent,claude,77,,https://github.com/alchemiststudiosDOTai/tinyAgent/blob/master/CLAUDE.md,Claude/AI Integration,Implementation Details,System Overview,Architecture,Build  & Run,Test,Development Process,,,,,,,,
212,johnlindquist,get-rules,claude,24,,https://github.com/johnlindquist/get-rules/blob/main/CLAUDE.md,Build  & Run,Implementation Details,Claude/AI Integration,Architecture,System Overview,Deployment and Operations,Configuration & Environment,,,,,,,,
213,OpenCut-app,OpenCut,claude,42249,,https://github.com/OpenCut-app/OpenCut/blob/main/CLAUDE.md,System Overview,Configuration & Environment,Architecture,Implementation Details,Build  & Run,UI/UX,Project Management,,,,,,,,
214,shunkakinoki,dotfiles,claude,6,,https://github.com/shunkakinoki/dotfiles/blob/main/CLAUDE.md,Configuration & Environment,Implementation Details,Build  & Run,Claude/AI Integration,Development Process,System Overview,Project Management,,,,,,,,
215,invokable,laravel-bluesky,claude,40,,https://github.com/invokable/laravel-bluesky/blob/main/CLAUDE.md,Implementation Details,Configuration & Environment,System Overview,Architecture,Claude/AI Integration,Security,Build  & Run,,,,,,,,
216,alestic,abc,claude,14,,https://github.com/alestic/abc/blob/main/CLAUDE.md,Build  & Run,Implementation Details,Claude/AI Integration,Configuration & Environment,Test,System Overview,Architecture,,,,,,,,
217,jdx,mise,claude,20588,,https://github.com/jdx/mise/blob/main/CLAUDE.md,Build  & Run,Test,Configuration & Environment,Implementation Details,Project Management,Development Process,Architecture,,,,,,,,
218,Nantero1,ai-first-devops-toolkit,claude,12,,https://github.com/Nantero1/ai-first-devops-toolkit/blob/main/CLAUDE.md,Configuration & Environment,Claude/AI Integration,Implementation Details,Deployment and Operations,Build  & Run,Test,Architecture,,,,,,,,
219,pomerium,mcp-app-demo,claude,53,,https://github.com/pomerium/mcp-app-demo/blob/main/CLAUDE.md,System Overview,Architecture,Build  & Run,UI/UX,Implementation Details,Deployment and Operations,Configuration & Environment,,,,,,,,
220,juanibiapina,dotfiles,claude,13,,https://github.com/juanibiapina/dotfiles/blob/main/CLAUDE.md,Implementation Details,Configuration & Environment,System Overview,Architecture,Claude/AI Integration,Build  & Run,Development Process,,,,,,,,
221,ubie-oss,slack-mcp-server,claude,107,,https://github.com/ubie-oss/slack-mcp-server/blob/main/CLAUDE.md,Claude/AI Integration,Build  & Run,System Overview,Architecture,Implementation Details,Configuration & Environment,Documentation & References,,,,,,,,
222,jakub-k-slys,substack-api,claude,22,,https://github.com/jakub-k-slys/substack-api/blob/main/CLAUDE.md,Build  & Run,Test,Claude/AI Integration,Architecture,Implementation Details,System Overview,Documentation & References,,,,,,,,
223,kesslerio,attio-mcp-server,claude,21,,https://github.com/kesslerio/attio-mcp-server/blob/main/CLAUDE.md,Test,Build  & Run,Implementation Details,Development Process,Debugging,System Overview,Claude/AI Integration,,,,,,,,
224,blokadaorg,blokada,claude,3151,,https://github.com/blokadaorg/blokada/blob/main/CLAUDE.md,Implementation Details,Build  & Run,Debugging,Deployment and Operations,System Overview,Configuration & Environment,Test,,,,,,,,
225,kajidog,mcp-tts-voicevox,claude,9,,https://github.com/kajidog/mcp-tts-voicevox/blob/main/CLAUDE.md,Build  & Run,Architecture,System Overview,Implementation Details,Claude/AI Integration,Deployment and Operations,Configuration & Environment,,,,,,,,
226,buster-so,buster,claude,5,,https://github.com/buster-so/buster/blob/main/CLAUDE.md,Implementation Details,System Overview,Claude/AI Integration,Build  & Run,Test,Configuration & Environment,Architecture,,,,,,,,
227,dailydotdev,apps,claude,942,*,https://github.com/dailydotdev/apps/blob/main/CLAUDE.md,Architecture,Configuration & Environment,UI/UX,System Overview,Implementation Details,Build  & Run,Test,,,,,,,,
228,malgo-lang,malgo,claude,45,,https://github.com/malgo-lang/malgo/blob/master/CLAUDE.md,Test,Build  & Run,Architecture,Implementation Details,System Overview,Configuration & Environment,Debugging,,,,,,,,
229,bbuchsbaum,bidser,claude,6,,https://github.com/bbuchsbaum/bidser/blob/master/CLAUDE.md,Implementation Details,Build  & Run,Architecture,Test,Project Management,Claude/AI Integration,System Overview,,,,,,,,
230,umputun,spot,claude,466,,https://github.com/umputun/spot/blob/master/CLAUDE.md,Implementation Details,Test,Build  & Run,Configuration & Environment,Development Process,Claude/AI Integration,Debugging,,,,,,,,
231,SoftFever,OrcaSlicer,claude,11181,,https://github.com/SoftFever/OrcaSlicer/blob/main/CLAUDE.md,Implementation Details,Build  & Run,Test,Configuration & Environment,Performance,System Overview,Architecture,,,,,,,,
232,getsentry,sentry-java,claude,1265,,https://github.com/getsentry/sentry-java/blob/main/CLAUDE.md,Implementation Details,System Overview,Claude/AI Integration,Architecture,Build  & Run,Test,Development Process,,,,,,,,
233,SAIB-Inc,Chrysalis,claude,10,,https://github.com/SAIB-Inc/Chrysalis/blob/main/CLAUDE.md,Implementation Details,Build  & Run,System Overview,Performance,Test,Project Management,Claude/AI Integration,,,,,,,,
234,ivangrynenko,cursorrules,claude,51,,https://github.com/ivangrynenko/cursorrules/blob/main/CLAUDE.md,Test,Implementation Details,UI/UX,Documentation & References,Architecture,Build  & Run,Deployment and Operations,,,,,,,,
235,bluzky,prana,claude,16,,https://github.com/bluzky/prana/blob/main/CLAUDE.md,Implementation Details,Claude/AI Integration,Test,Configuration & Environment,Development Process,Documentation & References,Architecture,,,,,,,,
236,jameshiew,infinigen,claude,82,,https://github.com/jameshiew/infinigen/blob/main/CLAUDE.md,Implementation Details,Build  & Run,Configuration & Environment,Test,Claude/AI Integration,Project Management,System Overview,,,,,,,,
237,PolicyEngine,microdf,claude,13,,https://github.com/PolicyEngine/microdf/blob/master/CLAUDE.md,Build  & Run,Test,Implementation Details,Development Process,Documentation & References,Configuration & Environment,Debugging,,,,,,,,
238,mixpanel,mixpanel-android,copilot-instructions,1040,,https://github.com/mixpanel/mixpanel-android/blob/master/.github/copilot-instructions.md,Implementation Details,Claude/AI Integration,Architecture,System Overview,Test,Configuration & Environment,Deployment and Operations,,,,,,,,
239,Forneck,vitalia-reborn,copilot-instructions,7,,https://github.com/Forneck/vitalia-reborn/blob/master/.github/copilot-instructions.md,Build  & Run,System Overview,Implementation Details,Documentation & References,Project Management,Development Process,Architecture,,,,,,,,
240,microsoft,Qcodes,copilot-instructions,396,,https://github.com/microsoft/Qcodes/blob/main/.github/copilot-instructions.md,Implementation Details,Documentation & References,Build  & Run,Test,Development Process,System Overview,Claude/AI Integration,,,,,,,,
241,Nugine,const-str,copilot-instructions,106,,https://github.com/Nugine/const-str/blob/main/.github/copilot-instructions.md,Implementation Details,Build  & Run,Test,System Overview,Documentation & References,Configuration & Environment,Deployment and Operations,,,,,,,,
242,CSUSTers,csust-got,copilot-instructions,11,,https://github.com/CSUSTers/csust-got/blob/master/.github/copilot-instructions.md,Implementation Details,Configuration & Environment,Build  & Run,System Overview,Development Process,Test,Architecture,,,,,,,,
243,mhackermsft,BlazorAIChat,copilot-instructions,51,,https://github.com/mhackermsft/BlazorAIChat/blob/master/.github/copilot-instructions.md,Implementation Details,System Overview,Deployment and Operations,Architecture,Claude/AI Integration,Documentation & References,Project Management,,,,,,,,
244,doggy8088,vscode-pangu2,copilot-instructions,10,,https://github.com/doggy8088/vscode-pangu2/blob/main/.github/copilot-instructions.md,Build  & Run,Configuration & Environment,Implementation Details,Deployment and Operations,Test,Development Process,Documentation & References,,,,,,,,
245,Azure,fleet,copilot-instructions,220,,https://github.com/Azure/fleet/blob/main/.github/copilot-instructions.md,Implementation Details,Test,Claude/AI Integration,System Overview,Project Management,Documentation & References,Architecture,,,,,,,,
246,kkweon,butler,copilot-instructions,5,,https://github.com/kkweon/butler/blob/master/.github/copilot-instructions.md,Implementation Details,System Overview,Architecture,Test,Build  & Run,UI/UX,Project Management,,,,,,,,
247,microsoft,AzureTRE,copilot-instructions,213,,https://github.com/microsoft/AzureTRE/blob/main/.github/copilot-instructions.md,Implementation Details,Deployment and Operations,System Overview,Architecture,Configuration & Environment,Documentation & References,Claude/AI Integration,,,,,,,,
248,yinzhenyu-su,weekly-git-summary,copilot-instructions,190,,https://github.com/yinzhenyu-su/weekly-git-summary/blob/main/.github/copilot-instructions.md,Build  & Run,Test,Development Process,Deployment and Operations,System Overview,UI/UX,Claude/AI Integration,,,,,,,,
249,Azure,terraform-azurerm-avm-ptn-alz-management,copilot-instructions,19,,https://github.com/Azure/terraform-azurerm-avm-ptn-alz-management/blob/main/.github/copilot-instructions.md,System Overview,Deployment and Operations,Architecture,Documentation & References,Development Process,Implementation Details,Security,,,,,,,,
250,FBartos,RoBMA,copilot-instructions,9,,https://github.com/FBartos/RoBMA/blob/master/.github/copilot-instructions.md,Implementation Details,Build  & Run,Test,System Overview,Configuration & Environment,Documentation & References,Architecture,,,,,,,,
251,luno,luno-mcp,copilot-instructions,11,,https://github.com/luno/luno-mcp/blob/main/.github/copilot-instructions.md,Implementation Details,Test,Architecture,System Overview,Debugging,Claude/AI Integration,Deployment and Operations,,,,,,,,
252,timrogers,litra-rs,copilot-instructions,90,,https://github.com/timrogers/litra-rs/blob/main/.github/copilot-instructions.md,System Overview,Build  & Run,Implementation Details,Configuration & Environment,Project Management,Development Process,Test,,,,,,,,
253,dotnet,dotnet-docker,copilot-instructions,4749,,https://github.com/dotnet/dotnet-docker/blob/main/.github/copilot-instructions.md,Build  & Run,Documentation & References,Test,Claude/AI Integration,Architecture,Implementation Details,Configuration & Environment,,,,,,,,
254,JMBeresford,retrom,copilot-instructions,1402,,https://github.com/JMBeresford/retrom/blob/main/.github/copilot-instructions.md,Implementation Details,System Overview,Architecture,Build  & Run,Configuration & Environment,UI/UX,Development Process,,,,,,,,
255,openfoodfacts,smooth-app,copilot-instructions,1160,,https://github.com/openfoodfacts/smooth-app/blob/master/.github/copilot-instructions.md,Build  & Run,Implementation Details,Deployment and Operations,Test,Documentation & References,Configuration & Environment,Development Process,,,,,,,,
256,SwitchbackTech,compass,copilot-instructions,198,,https://github.com/SwitchbackTech/compass/blob/main/.github/copilot-instructions.md,,,,,,,,,,,,,,,
257,asgardeo,thunder,copilot-instructions,54,,https://github.com/asgardeo/thunder/blob/main/.github/copilot-instructions.md,System Overview,Implementation Details,Architecture,Test,Build  & Run,Claude/AI Integration,Debugging,,,,,,,,
258,FidelusAleksander,ghcertified,copilot-instructions,792,,https://github.com/FidelusAleksander/ghcertified/blob/master/.github/copilot-instructions.md,System Overview,UI/UX,Architecture,Implementation Details,Documentation & References,Development Process,Configuration & Environment,,,,,,,,
259,IntelliTect,EssentialCSharp.Web,copilot-instructions,8,,https://github.com/IntelliTect/EssentialCSharp.Web/blob/main/.github/copilot-instructions.md,System Overview,Implementation Details,Claude/AI Integration,Architecture,Build  & Run,Configuration & Environment,Security,,,,,,,,
260,camunda,camunda,copilot-instructions,3830,,https://github.com/camunda/camunda/blob/main/.github/copilot-instructions.md,Build  & Run,Documentation & References,Implementation Details,Development Process,System Overview,Claude/AI Integration,Test,,,,,,,,
261,dotnet,docs,copilot-instructions,4554,,https://github.com/dotnet/docs/blob/main/.github/copilot-instructions.md,Claude/AI Integration,Implementation Details,Documentation & References,System Overview,Architecture,Build  & Run,Project Management,,,,,,,,
262,GH-Event-Demos,gitvision-workshop,copilot-instructions,11,,https://github.com/GH-Event-Demos/gitvision-workshop/blob/main/.github/copilot-instructions.md,Claude/AI Integration,Implementation Details,System Overview,Architecture,Test,Debugging,Configuration & Environment,,,,,,,,
263,adamsilverstein,wp-performance-wizard,copilot-instructions,5,,https://github.com/adamsilverstein/wp-performance-wizard/blob/main/.github/copilot-instructions.md,Documentation & References,Security,Implementation Details,,,,,,,,,,,,
264,microsoft,vscode-docs,copilot-instructions,6203,,https://github.com/microsoft/vscode-docs/blob/main/.github/copilot-instructions.md,Documentation & References,Implementation Details,,,,,,,,,,,,,
265,PlagueHO,foundryvtt-azure,copilot-instructions,7,*,https://github.com/PlagueHO/foundryvtt-azure/blob/main/.github/copilot-instructions.md,Deployment and Operations,Configuration & Environment,System Overview,Implementation Details,Build  & Run,Architecture,Debugging,,,,,,,,
266,invokable,laravel-line-sdk,copilot-instructions,20,,https://github.com/invokable/laravel-line-sdk/blob/main/.github/copilot-instructions.md,Claude/AI Integration,Implementation Details,Configuration & Environment,System Overview,Architecture,Documentation & References,Security,,,,,,,,
267,dotnet,docs-aspire,copilot-instructions,159,,https://github.com/dotnet/docs-aspire/blob/main/.github/copilot-instructions.md,Implementation Details,Documentation & References,Claude/AI Integration,Architecture,System Overview,Configuration & Environment,Security,,,,,,,,
268,philips-software,roslyn-analyzers,copilot-instructions,55,,https://github.com/philips-software/roslyn-analyzers/blob/main/.github/copilot-instructions.md,Build  & Run,Test,Implementation Details,Deployment and Operations,Development Process,Configuration & Environment,Documentation & References,,,,,,,,
269,xability,maidr,copilot-instructions,15,,https://github.com/xability/maidr/blob/main/.github/copilot-instructions.md,System Overview,Architecture,Implementation Details,UI/UX,Claude/AI Integration,Maintanability,Build  & Run,,,,,,,,
270,triggerdotdev,trigger.dev,copilot-instructions,12616,,https://github.com/triggerdotdev/trigger.dev/blob/main/.github/copilot-instructions.md,Implementation Details,System Overview,Claude/AI Integration,Architecture,Configuration & Environment,,,,,,,,,,
271,srbhr,Resume-Matcher,copilot-instructions,23637,,https://github.com/srbhr/Resume-Matcher/blob/main/.github/copilot-instructions.md,Claude/AI Integration,Implementation Details,Architecture,System Overview,Configuration & Environment,Test,UI/UX,,,,,,,,
272,carlocardella,vscode-TextToolbox,copilot-instructions,12,,https://github.com/carlocardella/vscode-TextToolbox/blob/master/.github/copilot-instructions.md,Implementation Details,Documentation & References,Development Process,Build  & Run,Configuration & Environment,Test,System Overview,,,,,,,,
273,microsoft,typespec,copilot-instructions,5427,,https://github.com/microsoft/typespec/blob/main/.github/copilot-instructions.md,Build  & Run,Test,Claude/AI Integration,Architecture,Implementation Details,System Overview,Configuration & Environment,,,,,,,,
274,Catfriend1,syncthing-lite,copilot-instructions,98,,https://github.com/Catfriend1/syncthing-lite/blob/main/.github/copilot-instructions.md,Build  & Run,Implementation Details,Claude/AI Integration,Configuration & Environment,Deployment and Operations,Debugging,,,,,,,,,
275,aborruso,scrape-cli,copilot-instructions,20,,https://github.com/aborruso/scrape-cli/blob/master/.github/copilot-instructions.md,Implementation Details,Build  & Run,Documentation & References,UI/UX,Test,Configuration & Environment,System Overview,,,,,,,,
276,microsoft,FluidFramework,copilot-instructions,4874,,https://github.com/microsoft/FluidFramework/blob/main/.github/copilot-instructions.md,,,,,,,,,,,,,,,
277,microsoft,mcp,copilot-instructions,2010,,https://github.com/microsoft/mcp/blob/main/.github/copilot-instructions.md,Implementation Details,Build  & Run,Development Process,Documentation & References,Configuration & Environment,Claude/AI Integration,Test,,,,,,,,
278,meza,minecraft-mod-manager,copilot-instructions,60,,https://github.com/meza/minecraft-mod-manager/blob/main/.github/copilot-instructions.md,Test,Implementation Details,Build  & Run,System Overview,Configuration & Environment,Development Process,Debugging,,,,,,,,
279,RyanCavanaugh,TypeScript,copilot-instructions,8,,https://github.com/RyanCavanaugh/TypeScript/blob/main/.github/copilot-instructions.md,Test,Debugging,Build  & Run,Implementation Details,Development Process,System Overview,Documentation & References,,,,,,,,
280,petitstrawberry,Scarlet,copilot-instructions,15,,https://github.com/petitstrawberry/Scarlet/blob/main/.github/copilot-instructions.md,Build  & Run,Implementation Details,Test,Configuration & Environment,Development Process,System Overview,Documentation & References,,,,,,,,
281,aavetis,ui-prototyper,copilot-instructions,18,,https://github.com/aavetis/ui-prototyper/blob/main/.github/copilot-instructions.md,UI/UX,Implementation Details,System Overview,Architecture,Build  & Run,Documentation & References,Configuration & Environment,,,,,,,,
282,ScrumGuides,ScrumGuide-ExpansionPack,copilot-instructions,49,,https://github.com/ScrumGuides/ScrumGuide-ExpansionPack/blob/main/.github/copilot-instructions.md,UI/UX,Configuration & Environment,Deployment and Operations,Implementation Details,Architecture,Project Management,System Overview,,,,,,,,
283,ocordova,cordova.me,copilot-instructions,5,,https://github.com/ocordova/cordova.me/blob/master/.github/copilot-instructions.md,Implementation Details,Architecture,UI/UX,System Overview,Test,Configuration & Environment,Debugging,,,,,,,,
284,ublue-os,bluefin-docs,copilot-instructions,14,,https://github.com/ublue-os/bluefin-docs/blob/main/.github/copilot-instructions.md,Build  & Run,Documentation & References,Configuration & Environment,Implementation Details,Deployment and Operations,Development Process,Architecture,,,,,,,,
285,mysql-net,MySqlConnector,copilot-instructions,1474,,https://github.com/mysql-net/MySqlConnector/blob/master/.github/copilot-instructions.md,Implementation Details,Test,Claude/AI Integration,Configuration & Environment,Documentation & References,Architecture,Performance,,,,,,,,
286,autoguru-au,overdrive,copilot-instructions,45,,https://github.com/autoguru-au/overdrive/blob/main/.github/copilot-instructions.md,Architecture,System Overview,Implementation Details,UI/UX,Build  & Run,Debugging,Documentation & References,,,,,,,,
287,microsoft,onnxruntime-genai,copilot-instructions,856,,https://github.com/microsoft/onnxruntime-genai/blob/main/.github/copilot-instructions.md,Claude/AI Integration,Implementation Details,Build  & Run,Test,Configuration & Environment,Architecture,Performance,,,,,,,,
288,krissen,polleninformation,copilot-instructions,23,,https://github.com/krissen/polleninformation/blob/master/.github/copilot-instructions.md,Claude/AI Integration,Configuration & Environment,System Overview,Architecture,Build  & Run,Documentation & References,Test,,,,,,,,
289,timmo001,system-bridge,copilot-instructions,312,,https://github.com/timmo001/system-bridge/blob/master/.github/copilot-instructions.md,Claude/AI Integration,Implementation Details,Test,,,,,,,,,,,,
290,catalystneuro,neuroconv,copilot-instructions,65,,https://github.com/catalystneuro/neuroconv/blob/main/.github/copilot-instructions.md,Development Process,Implementation Details,Build  & Run,Test,Debugging,Documentation & References,Configuration & Environment,,,,,,,,
291,BrighterCommand,Brighter,copilot-instructions,2312,,https://github.com/BrighterCommand/Brighter/blob/master/.github/copilot-instructions.md,Test,Build  & Run,Documentation & References,Project Management,Architecture,Implementation Details,System Overview,,,,,,,,
292,GrantBirki,json-yaml-validate,copilot-instructions,38,,https://github.com/GrantBirki/json-yaml-validate/blob/main/.github/copilot-instructions.md,Implementation Details,Test,Build  & Run,System Overview,Maintanability,Project Management,Development Process,,,,,,,,
293,ublue-os,packages,copilot-instructions,28,,https://github.com/ublue-os/packages/blob/main/.github/copilot-instructions.md,Build  & Run,Implementation Details,Test,Documentation & References,Deployment and Operations,Configuration & Environment,Development Process,,,,,,,,
294,saebyn,glowing-telegram,copilot-instructions,33,,https://github.com/saebyn/glowing-telegram/blob/main/.github/copilot-instructions.md,Build  & Run,Deployment and Operations,Configuration & Environment,Test,Implementation Details,System Overview,Claude/AI Integration,,,,,,,,
295,Saksham-Goel1107,Dionysus,copilot-instructions,9,,https://github.com/Saksham-Goel1107/Dionysus/blob/main/.github/copilot-instructions.md,Configuration & Environment,Build  & Run,Architecture,System Overview,Implementation Details,Deployment and Operations,Development Process,,,,,,,,
296,braze-inc,braze-docs,copilot-instructions,15,*,https://github.com/braze-inc/braze-docs/blob/main/.github/copilot-instructions.md,Implementation Details,Documentation & References,System Overview,Test,Project Management,Claude/AI Integration,Development Process,,,,,,,,
297,remotion-dev,remotion,copilot-instructions,24286,,https://github.com/remotion-dev/remotion/blob/main/.github/copilot-instructions.md,Build  & Run,Implementation Details,Development Process,Documentation & References,System Overview,Project Management,Test,,,,,,,,
298,doggy8088,github-copilot-configs,copilot-instructions,898,,https://github.com/doggy8088/github-copilot-configs/blob/main/.github/copilot-instructions.md,Implementation Details,System Overview,Documentation & References,UI/UX,Test,Configuration & Environment,Development Process,,,,,,,,
299,tfausak,cabal-gild,copilot-instructions,62,,https://github.com/tfausak/cabal-gild/blob/main/.github/copilot-instructions.md,Build  & Run,Test,System Overview,Project Management,Implementation Details,Configuration & Environment,Development Process,,,,,,,,
300,spadrapo,drapo,copilot-instructions,10,,https://github.com/spadrapo/drapo/blob/master/.github/copilot-instructions.md,Test,Implementation Details,UI/UX,Build  & Run,System Overview,Project Management,Deployment and Operations,,,,,,,,
301,keepassxreboot,keepassxc,copilot-instructions,24458,,https://github.com/keepassxreboot/keepassxc/blob/master/.github/copilot-instructions.md,Implementation Details,Build  & Run,Architecture,Claude/AI Integration,Configuration & Environment,System Overview,Test,,,,,,,,
302,wagtail,sphinx-wagtail-theme,copilot-instructions,33,,https://github.com/wagtail/sphinx-wagtail-theme/blob/main/.github/copilot-instructions.md,Implementation Details,System Overview,UI/UX,Documentation & References,Architecture,Test,Project Management,,,,,,,,
303,PlagueHO,foundryvtt-azure,copilot-instructions,7,,https://github.com/PlagueHO/foundryvtt-azure/blob/main/.github/copilot-instructions.md,Deployment and Operations,Configuration & Environment,System Overview,Implementation Details,Build  & Run,Architecture,Debugging,,,,,,,,
304,MicrosoftDocs,azure-devops-docs,copilot-instructions,902,,https://github.com/MicrosoftDocs/azure-devops-docs/blob/master/.github/copilot-instructions.md,Deployment and Operations,Implementation Details,,,,,,,,,,,,,
305,Pipelex,pipelex-cookbook,copilot-instructions,15,*,https://github.com/Pipelex/pipelex-cookbook/blob/main/.github/copilot-instructions.md,Implementation Details,Claude/AI Integration,Build  & Run,Configuration & Environment,Documentation & References,Deployment and Operations,System Overview,,,,,,,,
306,microsoft,mcp,copilot-instructions,2010,,https://github.com/microsoft/mcp/blob/main/.github/copilot-instructions.md,Implementation Details,Build  & Run,Development Process,Documentation & References,Configuration & Environment,Claude/AI Integration,Test,,,,,,,,
307,Shelter-Partner,ShelterPartner,copilot-instructions,8,,https://github.com/Shelter-Partner/ShelterPartner/blob/main/.github/copilot-instructions.md,Implementation Details,Test,Deployment and Operations,Build  & Run,Architecture,UI/UX,System Overview,,,,,,,,
308,FBartos,RoBMA,copilot-instructions,9,,https://github.com/FBartos/RoBMA/blob/master/.github/copilot-instructions.md,Implementation Details,Build  & Run,Test,System Overview,Configuration & Environment,Documentation & References,Architecture,,,,,,,,
309,zwave-js,zwave-js,copilot-instructions,835,,https://github.com/zwave-js/zwave-js/blob/master/.github/copilot-instructions.md,Build  & Run,Implementation Details,Configuration & Environment,Test,Claude/AI Integration,Development Process,System Overview,,,,,,,,
310,PrismarineJS,minecraft-data,copilot-instructions,777,,https://github.com/PrismarineJS/minecraft-data/blob/master/.github/copilot-instructions.md,Implementation Details,Configuration & Environment,Build  & Run,Claude/AI Integration,Deployment and Operations,System Overview,Documentation & References,,,,,,,,
311,TimBeyer,node-dlx,copilot-instructions,9,*,https://github.com/TimBeyer/node-dlx/blob/master/.github/copilot-instructions.md,Test,Implementation Details,Deployment and Operations,System Overview,Development Process,Performance,Claude/AI Integration,,,,,,,,
312,aavetis,ui-prototyper,copilot-instructions,18,,https://github.com/aavetis/ui-prototyper/blob/main/.github/copilot-instructions.md,UI/UX,Implementation Details,System Overview,Architecture,Build  & Run,Documentation & References,Configuration & Environment,,,,,,,,
313,dotnet,msbuild,copilot-instructions,5438,,https://github.com/dotnet/msbuild/blob/main/.github/copilot-instructions.md,Build  & Run,Test,Configuration & Environment,Implementation Details,System Overview,Claude/AI Integration,Project Management,,,,,,,,
314,christianhelle,apiclientcodegen,copilot-instructions,193,,https://github.com/christianhelle/apiclientcodegen/blob/master/.github/copilot-instructions.md,Build  & Run,Test,Implementation Details,Configuration & Environment,Claude/AI Integration,System Overview,Deployment and Operations,,,,,,,,
315,zauberzeug,nicegui,copilot-instructions,14240,,https://github.com/zauberzeug/nicegui/blob/main/.github/copilot-instructions.md,Implementation Details,Documentation & References,Development Process,System Overview,Claude/AI Integration,Project Management,,,,,,,,,
316,MaxKorlaar,hypixel-signatures,copilot-instructions,12,,https://github.com/MaxKorlaar/hypixel-signatures/blob/main/.github/copilot-instructions.md,Implementation Details,Test,System Overview,Build  & Run,Architecture,Configuration & Environment,Documentation & References,,,,,,,,
317,versia-pub,server,copilot-instructions,45,,https://github.com/versia-pub/server/blob/main/.github/copilot-instructions.md,Implementation Details,System Overview,Architecture,Build  & Run,Claude/AI Integration,Test,Deployment and Operations,,,,,,,,
318,risingwavelabs,risingwave,copilot-instructions,8441,,https://github.com/risingwavelabs/risingwave/blob/main/.github/copilot-instructions.md,Implementation Details,Build  & Run,Configuration & Environment,System Overview,Test,Documentation & References,Deployment and Operations,,,,,,,,
319,dotnet,java-interop,copilot-instructions,245,,https://github.com/dotnet/java-interop/blob/main/.github/copilot-instructions.md,Implementation Details,Documentation & References,Claude/AI Integration,Build  & Run,Configuration & Environment,System Overview,Architecture,,,,,,,,
320,TECH7Fox,asterisk-hass-integration,copilot-instructions,84,,https://github.com/TECH7Fox/asterisk-hass-integration/blob/main/.github/copilot-instructions.md,Implementation Details,Configuration & Environment,Test,Claude/AI Integration,Build  & Run,System Overview,Architecture,,,,,,,,
321,digitarald,vscode-agent-todos,copilot-instructions,32,,https://github.com/digitarald/vscode-agent-todos/blob/main/.github/copilot-instructions.md,Implementation Details,System Overview,Architecture,Test,Configuration & Environment,Claude/AI Integration,Deployment and Operations,,,,,,,,
322,mysql-net,MySqlConnector,copilot-instructions,1474,,https://github.com/mysql-net/MySqlConnector/blob/master/.github/copilot-instructions.md,Implementation Details,Test,Claude/AI Integration,Configuration & Environment,Documentation & References,Architecture,Performance,,,,,,,,
323,ArduPilot,MethodicConfigurator,copilot-instructions,96,,https://github.com/ArduPilot/MethodicConfigurator/blob/master/.github/copilot-instructions.md,Implementation Details,Test,System Overview,Architecture,Build  & Run,Configuration & Environment,Project Management,,,,,,,,
324,microsoft,react-native-windows,copilot-instructions,17034,,https://github.com/microsoft/react-native-windows/blob/main/.github/copilot-instructions.md,Implementation Details,UI/UX,Build  & Run,System Overview,Architecture,Configuration & Environment,Development Process,,,,,,,,
325,james-gould,azure-keyvault-emulator,copilot-instructions,204,,https://github.com/james-gould/azure-keyvault-emulator/blob/master/.github/copilot-instructions.md,Build  & Run,Deployment and Operations,System Overview,Claude/AI Integration,Test,Configuration & Environment,Security,,,,,,,,
326,owid,owid-grapher,copilot-instructions,1481,,https://github.com/owid/owid-grapher/blob/master/.github/copilot-instructions.md,,,,,,,,,,,,,,,
327,malgo-lang,malgo,copilot-instructions,45,,https://github.com/malgo-lang/malgo/blob/master/.github/copilot-instructions.md,Test,Implementation Details,Build  & Run,Debugging,Architecture,System Overview,Configuration & Environment,,,,,,,,
328,Comfy-Org,ComfyUI_frontend,copilot-instructions,1411,,https://github.com/Comfy-Org/ComfyUI_frontend/blob/main/.github/copilot-instructions.md,Implementation Details,System Overview,Architecture,UI/UX,Claude/AI Integration,Configuration & Environment,Development Process,,,,,,,,
329,dotnet,SqlClient,copilot-instructions,952,,https://github.com/dotnet/SqlClient/blob/main/.github/copilot-instructions.md,Implementation Details,System Overview,Project Management,Test,Documentation & References,Security,Deployment and Operations,,,,,,,,
330,friendsofhyperf,components,copilot-instructions,109,,https://github.com/friendsofhyperf/components/blob/main/.github/copilot-instructions.md,Documentation & References,Implementation Details,Architecture,System Overview,Test,Configuration & Environment,Claude/AI Integration,,,,,,,,
331,FricoRico,Versta.Android,copilot-instructions,49,,https://github.com/FricoRico/Versta.Android/blob/main/.github/copilot-instructions.md,Implementation Details,System Overview,Architecture,UI/UX,Maintanability,Claude/AI Integration,Project Management,,,,,,,,
332,dotnet,docs-aspire,copilot-instructions,159,,https://github.com/dotnet/docs-aspire/blob/main/.github/copilot-instructions.md,Implementation Details,Documentation & References,Claude/AI Integration,Architecture,System Overview,Configuration & Environment,Security,,,,,,,,