repository_owner,repository_name,file_path,filename,original_file_path,repository_url,file_url,branch,stargazers_count,forks_count,created_at,pushed_at,updated_at,lines_of_agents,manifest_specific_commit_count,first_manifest_commit_date,comparable_path,source_dataset,lines_of_claude,lines_of_copilot-instructions,ID,total_repo_commits_after_manifest_initialization,Note,Label1,Label2,Label3,Label4,Label5,Label6,Label7,Label8,Label9,Label10,Label11,Label12,Label13,Label14,Label15,ID,Note,Label1,Label2,Label3,Label4,Label5,Label6,Label7,Label8,Label9,Label10,Label11,Label12,Label13,Label14,Label15
cortesi,musq,AGENTS.md,AGENTS.md,raw/cortesi/musq/AGENTS.md,https://github.com/cortesi/musq,https://github.com/cortesi/musq/blob/main/AGENTS.md,main,7.0,0.0,2023-11-03T00:52:46Z,2025-08-28T10:27:23Z,2025-09-25T22:23:19Z,15.0,2,2025-07-20T08:57:22Z,cortesi/musq/AGENTS.md,agents,,,6,86,,Build  & Run,Development Process,Documentation & References,,,,,,,,,,,,,6,,Build  & Run,Development Process,Documentation & References,,,,,,,,,,,,
Rello,analytics,AGENTS.md,AGENTS.md,raw/Rello/analytics/AGENTS.md,https://github.com/Rello/analytics,https://github.com/Rello/analytics/blob/master/AGENTS.md,master,136.0,35.0,2019-10-08T19:01:42Z,2025-10-16T02:13:02Z,2025-10-16T02:13:05Z,24.0,5,2025-05-25T20:00:01Z,Rello/analytics/AGENTS.md,agents,,,4,212,,System Overview,Architecture,Claude/AI Integration,Development Process,,,,,,,,,,,,4,,System Overview,Architecture,Claude/AI Integration,Development Process,,,,,,,,,,,
seasonedcc,remix-forms,AGENTS.md,AGENTS.md,raw/seasonedcc/remix-forms/AGENTS.md,https://github.com/seasonedcc/remix-forms,https://github.com/seasonedcc/remix-forms/blob/main/AGENTS.md,main,515.0,27.0,2022-02-24T11:08:10Z,2025-10-14T19:07:20Z,2025-10-08T03:22:33Z,87.0,8,2025-05-20T13:30:40Z,seasonedcc/remix-forms/AGENTS.md,agents,,,3,126,,Build  & Run,Implementation Details,Test,Architecture,Development Process,Debugging,Claude/AI Integration,,,,,,,,,3,,Build  & Run,Implementation Details,Test,Architecture,Development Process,Debugging,Claude/AI Integration,,,,,,,,
julep-ai,julep,AGENTS.md,AGENTS.md,raw/julep-ai/julep/AGENTS.md,https://github.com/julep-ai/julep,https://github.com/julep-ai/julep/blob/main/AGENTS.md,main,6603.0,987.0,2024-04-04T09:33:02Z,2025-10-16T09:48:20Z,2025-10-18T13:51:06Z,329.0,3,2025-05-17T14:58:43Z,julep-ai/julep/AGENTS.md,agents,,,14,172,,Architecture,System Overview,,,,,,,,,,,,,,14,,Architecture,System Overview,,,,,,,,,,,,,
mirage335-colossus,ubiquitous_bash,AGENTS.md,AGENTS.md,raw/mirage335-colossus/ubiquitous_bash/AGENTS.md,https://github.com/mirage335-colossus/ubiquitous_bash,https://github.com/mirage335-colossus/ubiquitous_bash/blob/master/AGENTS.md,master,32.0,7.0,2012-03-13T00:55:36Z,2025-10-09T01:39:11Z,2025-10-06T00:18:27Z,229.0,6,2025-06-10T01:59:31Z,mirage335-colossus/ubiquitous_bash/AGENTS.md,agents,,,12,187,,System Overview,Architecture,Implementation Details,Debugging,Test,Development Process,Documentation & References,,,,,,,,,12,,System Overview,Architecture,Implementation Details,Debugging,Test,Development Process,Documentation & References,,,,,,,,
KarlTDebiec,Scinoephile,AGENTS.md,AGENTS.md,raw/KarlTDebiec/Scinoephile/AGENTS.md,https://github.com/KarlTDebiec/Scinoephile,https://github.com/KarlTDebiec/Scinoephile/blob/master/AGENTS.md,master,6.0,0.0,2017-12-30T22:42:06Z,2025-10-18T09:00:50Z,2025-08-20T21:29:48Z,37.0,4,2025-06-25T21:35:55Z,KarlTDebiec/Scinoephile/AGENTS.md,agents,,,33,99,,Build  & Run,Test,Implementation Details,Development Process,Documentation & References,,,,,,,,,,,33,,Build  & Run,Test,Implementation Details,Development Process,Documentation & References,,,,,,,,,,
blockscout,mcp-server,AGENTS.md,AGENTS.md,raw/blockscout/mcp-server/AGENTS.md,https://github.com/blockscout/mcp-server,https://github.com/blockscout/mcp-server/blob/main/AGENTS.md,main,21.0,11.0,2025-06-03T21:08:52Z,2025-10-16T01:03:16Z,2025-10-16T01:03:15Z,361.0,20,2025-07-11T01:03:36Z,blockscout/mcp-server/AGENTS.md,agents,,,5,100,,Architecture,System Overview,,,,,,,,,,,,,,5,,Architecture,System Overview,,,,,,,,,,,,,
BittnerPierre,AI-Agent-Casebook,AGENTS.md,AGENTS.md,raw/BittnerPierre/AI-Agent-Casebook/AGENTS.md,https://github.com/BittnerPierre/AI-Agent-Casebook,https://github.com/BittnerPierre/AI-Agent-Casebook/blob/main/AGENTS.md,main,12.0,3.0,2024-12-02T10:14:24Z,2025-10-10T16:14:28Z,2025-09-26T13:31:12Z,83.0,4,2025-06-03T08:24:20Z,BittnerPierre/AI-Agent-Casebook/AGENTS.md,agents,,,20,139,,Implementation Details,Claude/AI Integration,Project Management,Development Process,,,,,,,,,,,,20,,Implementation Details,Claude/AI Integration,Project Management,Development Process,,,,,,,,,,,
FarmBot,Farmbot-Web-App,AGENTS.md,AGENTS.md,raw/FarmBot/Farmbot-Web-App/AGENTS.md,https://github.com/FarmBot/Farmbot-Web-App,https://github.com/FarmBot/Farmbot-Web-App/blob/main/AGENTS.md,main,953.0,348.0,2014-03-12T02:38:25Z,2025-10-15T00:28:27Z,2025-10-11T04:55:17Z,21.0,7,2025-06-21T20:43:52Z,FarmBot/Farmbot-Web-App/AGENTS.md,agents,,,10,87,,Build  & Run,Implementation Details,Test,Documentation & References,,,,,,,,,,,,10,,Build  & Run,Implementation Details,Test,Documentation & References,,,,,,,,,,,
open5e,open5e-api,AGENTS.md,AGENTS.md,raw/open5e/open5e-api/AGENTS.md,https://github.com/open5e/open5e-api,https://github.com/open5e/open5e-api/blob/main/AGENTS.md,main,173.0,106.0,2019-01-19T21:23:17Z,2025-10-06T21:17:54Z,2025-10-06T21:17:58Z,11.0,1,2025-05-17T16:53:21Z,open5e/open5e-api/AGENTS.md,agents,,,15,124,,System Overview,Implementation Details,Claude/AI Integration,,,,,,,,,,,,,15,,System Overview,Implementation Details,Claude/AI Integration,,,,,,,,,,,,
sequinstream,sequin,AGENTS.md,AGENTS.md,raw/sequinstream/sequin/AGENTS.md,https://github.com/sequinstream/sequin,https://github.com/sequinstream/sequin/blob/main/AGENTS.md,main,1693.0,95.0,2024-06-26T01:50:46Z,2025-10-06T19:32:31Z,2025-10-17T22:29:31Z,42.0,2,2025-05-19T02:37:39Z,sequinstream/sequin/AGENTS.md,agents,,,11,565,,Build  & Run,Test,Implementation Details,,,,,,,,,,,,,11,,Build  & Run,Test,Implementation Details,,,,,,,,,,,,
gabber235,Typewriter,AGENTS.md,AGENTS.md,raw/gabber235/Typewriter/AGENTS.md,https://github.com/gabber235/Typewriter,https://github.com/gabber235/Typewriter/blob/main/AGENTS.md,main,386.0,95.0,2022-09-11T08:52:08Z,2025-10-14T09:01:00Z,2025-10-14T10:42:41Z,,2,2025-06-09T07:55:10Z,gabber235/Typewriter/AGENTS.md,agents,,,7,159,,Configuration & Environment,Build  & Run,Test,Implementation Details,,,,,,,,,,,,7,,Configuration & Environment,Build  & Run,Test,Implementation Details,,,,,,,,,,,
SwitchbackTech,compass,AGENTS.md,AGENTS.md,raw/SwitchbackTech/compass/AGENTS.md,https://github.com/SwitchbackTech/compass,https://github.com/SwitchbackTech/compass/blob/main/AGENTS.md,main,198.0,48.0,2023-09-27T20:40:53Z,2025-10-18T14:18:30Z,2025-10-17T06:46:44Z,265.0,4,2025-05-21T10:54:34Z,SwitchbackTech/compass/AGENTS.md,agents,,,9,145,,Architecture,Implementation Details,Documentation & References,Configuration & Environment,Test,,,,,,,,,,,9,,Architecture,Implementation Details,Documentation & References,Configuration & Environment,Test,,,,,,,,,,
tracking202,prosper202,AGENTS.md,AGENTS.md,raw/tracking202/prosper202/AGENTS.md,https://github.com/tracking202/prosper202,https://github.com/tracking202/prosper202/blob/master/AGENTS.md,master,11.0,11.0,2010-06-16T02:39:09Z,2025-09-24T20:42:07Z,2025-10-13T08:34:13Z,63.0,2,2025-05-20T07:30:27Z,tracking202/prosper202/AGENTS.md,agents,,,27,92,,System Overview,Architecture,Implementation Details,Test,Documentation & References,Development Process,Maintanability,Claude/AI Integration,,,,,,,,27,,System Overview,Architecture,Implementation Details,Test,Documentation & References,Development Process,Maintanability,Claude/AI Integration,,,,,,,
LocalSymmetry,lofn,AGENTS.md,AGENTS.md,raw/LocalSymmetry/lofn/AGENTS.md,https://github.com/LocalSymmetry/lofn,https://github.com/LocalSymmetry/lofn/blob/main/AGENTS.md,main,13.0,1.0,2024-03-26T20:21:22Z,2025-10-16T23:43:37Z,2025-10-02T14:53:34Z,84.0,3,2025-06-07T22:39:21Z,LocalSymmetry/lofn/AGENTS.md,agents,,,18,232,,System Overview,Architecture,Configuration & Environment,Deployment and Operations,Build  & Run,,,,,,,,,,,18,,System Overview,Architecture,Configuration & Environment,Deployment and Operations,Build  & Run,,,,,,,,,,
Pirate-Weather,pirate-weather-code,AGENTS.md,AGENTS.md,raw/Pirate-Weather/pirate-weather-code/AGENTS.md,https://github.com/Pirate-Weather/pirate-weather-code,https://github.com/Pirate-Weather/pirate-weather-code/blob/main/AGENTS.md,main,36.0,3.0,2024-08-13T19:15:27Z,2025-10-17T22:17:31Z,2025-10-17T22:16:02Z,20.0,1,2025-06-27T18:29:50Z,Pirate-Weather/pirate-weather-code/AGENTS.md,agents,,,21,133,,Maintanability,Implementation Details,Test,,,,,,,,,,,,,21,,Maintanability,Implementation Details,Test,,,,,,,,,,,,
samuelstevens,biobench,AGENTS.md,AGENTS.md,raw/samuelstevens/biobench/AGENTS.md,https://github.com/samuelstevens/biobench,https://github.com/samuelstevens/biobench/blob/main/AGENTS.md,main,8.0,2.0,2024-01-04T18:37:49Z,2025-10-17T21:26:26Z,2025-10-17T21:26:30Z,114.0,2,2025-05-18T21:39:01Z,samuelstevens/biobench/AGENTS.md,agents,,,13,98,,Implementation Details,Debugging,Test,Architecture,Development Process,,,,,,,,,,,13,,Implementation Details,Debugging,Test,Architecture,Development Process,,,,,,,,,,
Pedal-Intelligence,saypi-userscript,CLAUDE.md,CLAUDE.md,raw/Pedal-Intelligence/saypi-userscript/CLAUDE.md,https://github.com/Pedal-Intelligence/saypi-userscript,https://github.com/Pedal-Intelligence/saypi-userscript/blob/main/CLAUDE.md,main,19.0,5.0,2023-07-21T07:53:43Z,2025-10-18T10:00:41Z,2025-10-07T16:07:54Z,,6,2025-06-07T14:15:39Z,Pedal-Intelligence/saypi-userscript/CLAUDE.md,claude,124.0,,100,67,,Build  & Run,Test,Configuration & Environment,Architecture,System Overview,Claude/AI Integration,,,,,,,,,,100,,Build  & Run,Test,Configuration & Environment,Architecture,System Overview,Claude/AI Integration,,,,,,,,,
PrefectHQ,marvin,CLAUDE.md,CLAUDE.md,raw/PrefectHQ/marvin/CLAUDE.md,https://github.com/PrefectHQ/marvin,https://github.com/PrefectHQ/marvin/blob/main/CLAUDE.md,main,5968.0,385.0,2023-03-10T18:44:40Z,2025-10-16T17:33:02Z,2025-10-17T21:40:37Z,,3,2025-06-07T17:17:11Z,PrefectHQ/marvin/CLAUDE.md,claude,48.0,,147,57,,Architecture,System Overview,Development Process,Build  & Run,Configuration & Environment,,,,,,,,,,,147,,Architecture,System Overview,Development Process,Build  & Run,Configuration & Environment,,,,,,,,,,
windmill-labs,windmill,CLAUDE.md,CLAUDE.md,raw/windmill-labs/windmill/CLAUDE.md,https://github.com/windmill-labs/windmill,https://github.com/windmill-labs/windmill/blob/main/CLAUDE.md,main,14838.0,813.0,2022-05-05T02:21:17Z,2025-10-18T07:47:33Z,2025-10-18T13:54:10Z,,5,2025-05-20T11:53:34Z,windmill-labs/windmill/CLAUDE.md,claude,21.0,,81,837,,System Overview,Implementation Details,Documentation & References,,,,,,,,,,,,,81,,System Overview,Implementation Details,Documentation & References,,,,,,,,,,,,
sapientpants,sonarqube-mcp-server,CLAUDE.md,CLAUDE.md,raw/sapientpants/sonarqube-mcp-server/CLAUDE.md,https://github.com/sapientpants/sonarqube-mcp-server,https://github.com/sapientpants/sonarqube-mcp-server/blob/main/CLAUDE.md,main,97.0,16.0,2025-03-20T12:02:36Z,2025-10-17T05:32:47Z,2025-10-17T05:32:49Z,,10,2025-05-12T19:34:56Z,sapientpants/sonarqube-mcp-server/CLAUDE.md,claude,229.0,,41,116,,System Overview,Claude/AI Integration,Implementation Details,Architecture,Configuration & Environment,Performance,,,,,,,,,,41,,System Overview,Claude/AI Integration,Implementation Details,Architecture,Configuration & Environment,Performance,,,,,,,,,
slick,slick,CLAUDE.md,CLAUDE.md,raw/slick/slick/CLAUDE.md,https://github.com/slick/slick,https://github.com/slick/slick/blob/main/CLAUDE.md,main,2667.0,618.0,2009-02-20T22:51:53Z,2025-10-15T20:58:43Z,2025-10-15T20:58:44Z,,6,2025-07-09T01:44:38Z,slick/slick/CLAUDE.md,claude,537.0,,61,102,,System Overview,Build  & Run,Test,Architecture,Configuration & Environment,Implementation Details,Debugging,Claude/AI Integration,Development Process,,,,,,,61,,System Overview,Build  & Run,Test,Architecture,Configuration & Environment,Implementation Details,Debugging,Claude/AI Integration,Development Process,,,,,,
lbds137,tzurot,CLAUDE.md,CLAUDE.md,raw/lbds137/tzurot/CLAUDE.md,https://github.com/lbds137/tzurot,https://github.com/lbds137/tzurot/blob/main/CLAUDE.md,main,6.0,1.0,2025-05-17T20:38:13Z,2025-10-08T23:28:59Z,2025-09-09T01:40:14Z,,54,2025-05-18T11:23:16Z,lbds137/tzurot/CLAUDE.md,claude,420.0,,91,791,,Implementation Details,Architecture,Debugging,Development Process,Security,Performance,Test,,,,,,,,,91,,Implementation Details,Architecture,Debugging,Development Process,Security,Performance,Test,,,,,,,,
tphakala,birdnet-go,CLAUDE.md,CLAUDE.md,raw/tphakala/birdnet-go/CLAUDE.md,https://github.com/tphakala/birdnet-go,https://github.com/tphakala/birdnet-go/blob/main/CLAUDE.md,main,615.0,45.0,2023-10-20T15:51:19Z,2025-10-18T15:04:46Z,2025-10-18T17:36:00Z,,40,2025-06-24T21:29:00Z,tphakala/birdnet-go/CLAUDE.md,claude,93.0,,124,444,,Documentation & References,Architecture,Implementation Details,Test,,,,,,,,,,,,124,,Documentation & References,Architecture,Implementation Details,Test,,,,,,,,,,,
amittell,firewalla-mcp-server,CLAUDE.md,CLAUDE.md,raw/amittell/firewalla-mcp-server/CLAUDE.md,https://github.com/amittell/firewalla-mcp-server,https://github.com/amittell/firewalla-mcp-server/blob/main/CLAUDE.md,main,8.0,2.0,2025-06-22T03:48:10Z,2025-07-27T23:27:59Z,2025-10-02T19:11:48Z,,18,2025-06-21T21:08:13Z,amittell/firewalla-mcp-server/CLAUDE.md,claude,371.0,,39,179,,Documentation & References,Claude/AI Integration,System Overview,Architecture,Build  & Run,Configuration & Environment,Test,Implementation Details,Debugging,Development Process,Performance,Project Management,,,,39,,Documentation & References,Claude/AI Integration,System Overview,Architecture,Build  & Run,Configuration & Environment,Test,Implementation Details,Debugging,Development Process,Performance,Project Management,,,
meilisearch,meilisearch-mcp,CLAUDE.md,CLAUDE.md,raw/meilisearch/meilisearch-mcp/CLAUDE.md,https://github.com/meilisearch/meilisearch-mcp,https://github.com/meilisearch/meilisearch-mcp/blob/main/CLAUDE.md,main,148.0,19.0,2024-12-23T14:53:05Z,2025-08-28T10:32:18Z,2025-10-18T16:53:54Z,,4,2025-06-05T17:51:09Z,meilisearch/meilisearch-mcp/CLAUDE.md,claude,296.0,,75,53,,Development Process,Test,System Overview,Build  & Run,Configuration & Environment,Architecture,,,,,,,,,,75,,Development Process,Test,System Overview,Build  & Run,Configuration & Environment,Architecture,,,,,,,,,
spylang,spy,CLAUDE.md,CLAUDE.md,raw/spylang/spy/CLAUDE.md,https://github.com/spylang/spy,https://github.com/spylang/spy/blob/main/CLAUDE.md,main,515.0,28.0,2023-05-19T14:23:12Z,2025-10-15T12:43:20Z,2025-10-18T16:16:34Z,,3,2025-03-04T18:19:36Z,spylang/spy/CLAUDE.md,claude,38.0,,110,595,,Claude/AI Integration,Build  & Run,Test,Implementation Details,Development Process,,,,,,,,,,,110,,Claude/AI Integration,Build  & Run,Test,Implementation Details,Development Process,,,,,,,,,,
masc-ucsc,hagent,CLAUDE.md,CLAUDE.md,raw/masc-ucsc/hagent/CLAUDE.md,https://github.com/masc-ucsc/hagent,https://github.com/masc-ucsc/hagent/blob/main/CLAUDE.md,main,13.0,7.0,2024-11-28T01:13:51Z,2025-10-18T17:13:38Z,2025-10-18T17:13:41Z,,6,2025-07-14T02:22:51Z,masc-ucsc/hagent/CLAUDE.md,claude,53.0,,146,163,,Test,Build  & Run,Configuration & Environment,Architecture,Implementation Details,,,,,,,,,,,146,,Test,Build  & Run,Configuration & Environment,Architecture,Implementation Details,,,,,,,,,,
ComposioHQ,composio,CLAUDE.md,CLAUDE.md,raw/ComposioHQ/composio/CLAUDE.md,https://github.com/ComposioHQ/composio,https://github.com/ComposioHQ/composio/blob/master/CLAUDE.md,master,25800.0,4361.0,2024-02-23T13:58:27Z,2025-10-17T12:35:55Z,2025-10-18T13:49:45Z,,3,2025-06-26T08:21:02Z,ComposioHQ/composio/CLAUDE.md,claude,,,45,262,,System Overview,Documentation & References,Build  & Run,Test,Architecture,Development Process,Configuration & Environment,Implementation Details,Maintanability,,,,,,,45,,System Overview,Documentation & References,Build  & Run,Test,Architecture,Development Process,Configuration & Environment,Implementation Details,Maintanability,,,,,,
gensx-inc,gensx,CLAUDE.md,CLAUDE.md,raw/gensx-inc/gensx/CLAUDE.md,https://github.com/gensx-inc/gensx,https://github.com/gensx-inc/gensx/blob/main/CLAUDE.md,main,525.0,25.0,2024-12-07T01:08:18Z,2025-09-22T12:07:31Z,2025-10-10T06:22:15Z,,3,2025-03-17T20:12:01Z,gensx-inc/gensx/CLAUDE.md,claude,314.0,,142,253,,System Overview,Build  & Run,Test,Configuration & Environment,Architecture,Implementation Details,Development Process,,,,,,,,,142,,System Overview,Build  & Run,Test,Configuration & Environment,Architecture,Implementation Details,Development Process,,,,,,,,
PostHog,posthog,CLAUDE.md,CLAUDE.md,raw/PostHog/posthog/CLAUDE.md,https://github.com/PostHog/posthog,https://github.com/PostHog/posthog/blob/master/CLAUDE.md,master,29713.0,1996.0,2020-01-23T22:46:58Z,2025-10-18T18:21:52Z,2025-10-18T18:41:40Z,,9,2025-02-25T19:20:38Z,PostHog/posthog/CLAUDE.md,claude,3.0,,139,5885,,Documentation & References,,,,,,,,,,,,,,,139,,Documentation & References,,,,,,,,,,,,,,
Sylius,Sylius,CLAUDE.md,CLAUDE.md,raw/Sylius/Sylius/CLAUDE.md,https://github.com/Sylius/Sylius,https://github.com/Sylius/Sylius/blob/master/CLAUDE.md,master,8325.0,2149.0,2011-11-05T22:05:52Z,2025-10-18T02:28:08Z,2025-10-18T10:01:46Z,,1,2025-06-12T05:56:34Z,Sylius/Sylius/CLAUDE.md,claude,,,130,281,,Documentation & References,,,,,,,,,,,,,,,130,,Documentation & References,,,,,,,,,,,,,,
docdyhr,mcp-wordpress,CLAUDE.md,CLAUDE.md,raw/docdyhr/mcp-wordpress/CLAUDE.md,https://github.com/docdyhr/mcp-wordpress,https://github.com/docdyhr/mcp-wordpress/blob/main/CLAUDE.md,main,53.0,8.0,2025-06-25T12:00:39Z,2025-10-14T19:45:55Z,2025-10-14T19:45:57Z,,43,2025-06-26T20:36:55Z,docdyhr/mcp-wordpress/CLAUDE.md,claude,130.0,,53,301,,Build  & Run,Test,Architecture,Configuration & Environment,Deployment and Operations,Development Process,System Overview,Security,,,,,,,,53,,Build  & Run,Test,Architecture,Configuration & Environment,Deployment and Operations,Development Process,System Overview,Security,,,,,,,
ryanmac,code-conductor,CLAUDE.md,CLAUDE.md,raw/ryanmac/code-conductor/CLAUDE.md,https://github.com/ryanmac/code-conductor,https://github.com/ryanmac/code-conductor/blob/main/CLAUDE.md,main,27.0,2.0,2025-07-22T21:09:32Z,2025-07-26T23:53:00Z,2025-10-16T12:35:03Z,,14,2025-07-23T19:21:34Z,ryanmac/code-conductor/CLAUDE.md,claude,386.0,,135,134,,System Overview,Implementation Details,Architecture,Claude/AI Integration,Development Process,Debugging,Security,Test,Documentation & References,,,,,,,135,,System Overview,Implementation Details,Architecture,Claude/AI Integration,Development Process,Debugging,Security,Test,Documentation & References,,,,,,
BeehiveInnovations,zen-mcp-server,CLAUDE.md,CLAUDE.md,raw/BeehiveInnovations/zen-mcp-server/CLAUDE.md,https://github.com/BeehiveInnovations/zen-mcp-server,https://github.com/BeehiveInnovations/zen-mcp-server/blob/main/CLAUDE.md,main,9118.0,760.0,2025-06-08T15:36:50Z,2025-10-17T20:33:58Z,2025-10-18T19:25:24Z,,10,2025-06-15T05:25:52Z,BeehiveInnovations/zen-mcp-server/CLAUDE.md,claude,320.0,,37,370,,Build  & Run,Development Process,Debugging,Architecture,Configuration & Environment,Test,,,,,,,,,,37,,Build  & Run,Development Process,Debugging,Architecture,Configuration & Environment,Test,,,,,,,,,
berachain,beacon-kit,CLAUDE.md,CLAUDE.md,raw/berachain/beacon-kit/CLAUDE.md,https://github.com/berachain/beacon-kit,https://github.com/berachain/beacon-kit/blob/main/CLAUDE.md,main,312.0,253.0,2024-02-02T19:52:58Z,2025-10-17T11:37:35Z,2025-10-16T15:32:22Z,,3,2025-06-24T15:12:32Z,berachain/beacon-kit/CLAUDE.md,claude,762.0,,126,65,,System Overview,Architecture,Build  & Run,Test,Configuration & Environment,Implementation Details,Development Process,,,,,,,,,126,,System Overview,Architecture,Build  & Run,Test,Configuration & Environment,Implementation Details,Development Process,,,,,,,,
vespa-engine,pyvespa,.github/copilot-instructions.md,copilot-instructions.md,raw/vespa-engine/pyvespa/.github/copilot-instructions.md,https://github.com/vespa-engine/pyvespa,https://github.com/vespa-engine/pyvespa/blob/master/.github/copilot-instructions.md,master,145.0,42.0,2020-06-10T10:48:27Z,2025-10-13T11:14:43Z,2025-10-15T13:50:24Z,,2,2025-07-29T06:02:40Z,vespa-engine/pyvespa/copilot-instructions.md,copilot-instructions,,134.0,270,85,,System Overview,Architecture,Implementation Details,Debugging,Test,Configuration & Environment,Documentation & References,Build  & Run,,,,,,,,270,,System Overview,Architecture,Implementation Details,Debugging,Test,Configuration & Environment,Documentation & References,Build  & Run,,,,,,,
dynamoose,dynamoose,.github/copilot-instructions.md,copilot-instructions.md,raw/dynamoose/dynamoose/.github/copilot-instructions.md,https://github.com/dynamoose/dynamoose,https://github.com/dynamoose/dynamoose/blob/main/.github/copilot-instructions.md,main,2230.0,367.0,2014-02-18T20:24:54Z,2025-10-14T15:07:52Z,2025-10-16T01:18:03Z,,2,2025-05-20T20:51:59Z,dynamoose/dynamoose/copilot-instructions.md,copilot-instructions,,19.0,255,42,,System Overview,Architecture,Build  & Run,Implementation Details,Development Process,,,,,,,,,,,255,,System Overview,Architecture,Build  & Run,Implementation Details,Development Process,,,,,,,,,,
gofiber,fiber,.github/copilot-instructions.md,copilot-instructions.md,raw/gofiber/fiber/.github/copilot-instructions.md,https://github.com/gofiber/fiber,https://github.com/gofiber/fiber/blob/main/.github/copilot-instructions.md,main,38176.0,1887.0,2020-01-16T03:59:20Z,2025-10-18T18:12:38Z,2025-10-18T21:28:32Z,,1,2025-07-15T11:02:39Z,gofiber/fiber/copilot-instructions.md,copilot-instructions,,14.0,213,133,,Implementation Details,Maintanability,Documentation & References,,,,,,,,,,,,,213,,Implementation Details,Maintanability,Documentation & References,,,,,,,,,,,,
dsccommunity,SqlServerDsc,.github/copilot-instructions.md,copilot-instructions.md,raw/dsccommunity/SqlServerDsc/.github/copilot-instructions.md,https://github.com/dsccommunity/SqlServerDsc,https://github.com/dsccommunity/SqlServerDsc/blob/main/.github/copilot-instructions.md,main,384.0,228.0,2015-04-15T22:43:08Z,2025-10-18T17:40:54Z,2025-10-15T10:51:42Z,,9,2025-03-12T11:41:17Z,dsccommunity/SqlServerDsc/copilot-instructions.md,copilot-instructions,,2.0,203,46,,Implementation Details,Documentation & References,,,,,,,,,,,,,,203,,Implementation Details,Documentation & References,,,,,,,,,,,,,
ydb-platform,ydb-embedded-ui,.github/copilot-instructions.md,copilot-instructions.md,raw/ydb-platform/ydb-embedded-ui/.github/copilot-instructions.md,https://github.com/ydb-platform/ydb-embedded-ui,https://github.com/ydb-platform/ydb-embedded-ui/blob/main/.github/copilot-instructions.md,main,29.0,17.0,2022-02-11T11:51:23Z,2025-10-17T11:26:15Z,2025-10-08T12:31:33Z,,4,2025-07-24T18:16:56Z,ydb-platform/ydb-embedded-ui/copilot-instructions.md,copilot-instructions,,205.0,224,65,,Implementation Details,Claude/AI Integration,System Overview,Architecture,Debugging,Performance,Security,Build  & Run,Development Process,Configuration & Environment,,,,,,224,,Implementation Details,Claude/AI Integration,System Overview,Architecture,Debugging,Performance,Security,Build  & Run,Development Process,Configuration & Environment,,,,,
Agoric,agoric-sdk,.github/copilot-instructions.md,copilot-instructions.md,raw/Agoric/agoric-sdk/.github/copilot-instructions.md,https://github.com/Agoric/agoric-sdk,https://github.com/Agoric/agoric-sdk/blob/master/.github/copilot-instructions.md,master,353.0,252.0,2019-11-01T15:30:18Z,2025-10-18T22:37:45Z,2025-10-18T19:30:41Z,,1,2025-02-24T21:10:12Z,Agoric/agoric-sdk/copilot-instructions.md,copilot-instructions,,28.0,195,1769,,Build  & Run,Test,Implementation Details,Debugging,,,,,,,,,,,,195,,Build  & Run,Test,Implementation Details,Debugging,,,,,,,,,,,
Azure,azure-service-operator,.github/copilot-instructions.md,copilot-instructions.md,raw/Azure/azure-service-operator/.github/copilot-instructions.md,https://github.com/Azure/azure-service-operator,https://github.com/Azure/azure-service-operator/blob/main/.github/copilot-instructions.md,main,874.0,225.0,2019-07-18T00:44:06Z,2025-10-16T21:52:11Z,2025-10-17T11:36:22Z,,1,2025-08-12T16:08:08Z,Azure/azure-service-operator/copilot-instructions.md,copilot-instructions,,142.0,256,42,,Claude/AI Integration,Development Process,System Overview,Architecture,Configuration & Environment,Test,Documentation & References,,,,,,,,,256,,Claude/AI Integration,Development Process,System Overview,Architecture,Configuration & Environment,Test,Documentation & References,,,,,,,,
Azure,adx-mon,.github/copilot-instructions.md,copilot-instructions.md,raw/Azure/adx-mon/.github/copilot-instructions.md,https://github.com/Azure/adx-mon,https://github.com/Azure/adx-mon/blob/main/.github/copilot-instructions.md,main,23.0,7.0,2023-01-07T01:53:13Z,2025-10-17T14:22:09Z,2025-10-16T17:46:09Z,,2,2025-06-17T18:55:36Z,Azure/adx-mon/copilot-instructions.md,copilot-instructions,,119.0,262,86,,Architecture,System Overview,Implementation Details,Test,Build  & Run,Debugging,Performance,Documentation & References,,,,,,,,262,,Architecture,System Overview,Implementation Details,Test,Build  & Run,Debugging,Performance,Documentation & References,,,,,,,
Azure,azure-rest-api-specs,.github/copilot-instructions.md,copilot-instructions.md,raw/Azure/azure-rest-api-specs/.github/copilot-instructions.md,https://github.com/Azure/azure-rest-api-specs,https://github.com/Azure/azure-rest-api-specs/blob/main/.github/copilot-instructions.md,main,2946.0,5540.0,2015-07-14T18:37:13Z,2025-10-18T04:00:52Z,2025-10-17T20:31:47Z,,24,2025-05-19T17:34:01Z,Azure/azure-rest-api-specs/copilot-instructions.md,copilot-instructions,,378.0,227,1003,,Project Management,Claude/AI Integration,Implementation Details,Development Process,,,,,,,,,,,,227,,Project Management,Claude/AI Integration,Implementation Details,Development Process,,,,,,,,,,,
zwave-js,zwave-js,.github/copilot-instructions.md,copilot-instructions.md,raw/zwave-js/zwave-js/.github/copilot-instructions.md,https://github.com/zwave-js/zwave-js,https://github.com/zwave-js/zwave-js/blob/master/.github/copilot-instructions.md,master,835.0,690.0,2018-03-25T09:25:32Z,2025-10-18T08:52:37Z,2025-10-16T11:41:18Z,,3,2025-06-24T07:47:55Z,zwave-js/zwave-js/copilot-instructions.md,copilot-instructions,,49.0,233,123,,Architecture,System Overview,Build  & Run,Implementation Details,Test,Development Process,,,,,,,,,,233,,Architecture,System Overview,Build  & Run,Implementation Details,Test,Development Process,,,,,,,,,
timdeschryver,Sandbox,.github/copilot-instructions.md,copilot-instructions.md,raw/timdeschryver/Sandbox/.github/copilot-instructions.md,https://github.com/timdeschryver/Sandbox,https://github.com/timdeschryver/Sandbox/blob/main/.github/copilot-instructions.md,main,34.0,13.0,2025-02-01T18:14:00Z,2025-10-18T19:59:01Z,2025-10-18T19:58:20Z,,16,2025-03-11T18:14:45Z,timdeschryver/Sandbox/copilot-instructions.md,copilot-instructions,,165.0,223,133,,Build  & Run,Test,Deployment and Operations,Architecture,Implementation Details,Security,Development Process,,,,,,,,,223,,Build  & Run,Test,Deployment and Operations,Architecture,Implementation Details,Security,Development Process,,,,,,,,
microsoft,vscode-jupyter,.github/copilot-instructions.md,copilot-instructions.md,raw/microsoft/vscode-jupyter/.github/copilot-instructions.md,https://github.com/microsoft/vscode-jupyter,https://github.com/microsoft/vscode-jupyter/blob/main/.github/copilot-instructions.md,main,1436.0,347.0,2020-09-10T23:39:14Z,2025-10-14T11:03:00Z,2025-10-18T03:59:12Z,,10,2025-07-07T08:07:30Z,microsoft/vscode-jupyter/copilot-instructions.md,copilot-instructions,,116.0,247,51,,Development Process,Build  & Run,Test,Implementation Details,Architecture,Documentation & References,,,,,,,,,,247,,Development Process,Build  & Run,Test,Implementation Details,Architecture,Documentation & References,,,,,,,,,
AzureAD,microsoft-authentication-library-for-dotnet,.github/copilot-instructions.md,copilot-instructions.md,raw/AzureAD/microsoft-authentication-library-for-dotnet/.github/copilot-instructions.md,https://github.com/AzureAD/microsoft-authentication-library-for-dotnet,https://github.com/AzureAD/microsoft-authentication-library-for-dotnet/blob/main/.github/copilot-instructions.md,main,1472.0,375.0,2015-10-19T18:53:15Z,2025-10-18T01:41:15Z,2025-10-17T18:37:01Z,,1,2025-06-06T16:53:12Z,AzureAD/microsoft-authentication-library-for-dotnet/copilot-instructions.md,copilot-instructions,,1.0,264,67,,Documentation & References,,,,,,,,,,,,,,,264,,Documentation & References,,,,,,,,,,,,,,
AzureAD,microsoft-identity-web,.github/copilot-instructions.md,copilot-instructions.md,raw/AzureAD/microsoft-identity-web/.github/copilot-instructions.md,https://github.com/AzureAD/microsoft-identity-web,https://github.com/AzureAD/microsoft-identity-web/blob/master/.github/copilot-instructions.md,master,747.0,242.0,2020-02-18T01:53:41Z,2025-10-18T23:54:47Z,2025-10-16T22:12:23Z,,2,2025-05-31T04:05:35Z,AzureAD/microsoft-identity-web/copilot-instructions.md,copilot-instructions,,1.0,252,43,,Documentation & References,,,,,,,,,,,,,,,252,,Documentation & References,,,,,,,,,,,,,,
pomerium,mcp-app-demo,.github/copilot-instructions.md,copilot-instructions.md,raw/pomerium/mcp-app-demo/.github/copilot-instructions.md,https://github.com/pomerium/mcp-app-demo,https://github.com/pomerium/mcp-app-demo/blob/main/.github/copilot-instructions.md,main,53.0,5.0,2025-05-22T20:50:21Z,2025-10-16T00:23:17Z,2025-10-16T00:23:21Z,,3,2025-06-28T03:32:41Z,pomerium/mcp-app-demo/copilot-instructions.md,copilot-instructions,,728.0,221,51,,Architecture,Implementation Details,UI/UX,System Overview,Debugging,,,,,,,,,,,221,,Architecture,Implementation Details,UI/UX,System Overview,Debugging,,,,,,,,,,
rjmurillo,moq.analyzers,.github/copilot-instructions.md,copilot-instructions.md,raw/rjmurillo/moq.analyzers/.github/copilot-instructions.md,https://github.com/rjmurillo/moq.analyzers,https://github.com/rjmurillo/moq.analyzers/blob/main/.github/copilot-instructions.md,main,23.0,3.0,2017-11-25T10:34:01Z,2025-10-17T11:02:04Z,2025-10-17T06:51:37Z,,28,2025-05-31T19:35:21Z,rjmurillo/moq.analyzers/copilot-instructions.md,copilot-instructions,,524.0,194,179,,Implementation Details,Build  & Run,Test,Development Process,Claude/AI Integration,Documentation & References,Project Management,Debugging,Configuration & Environment,,,,,,,194,,Implementation Details,Build  & Run,Test,Development Process,Claude/AI Integration,Documentation & References,Project Management,Debugging,Configuration & Environment,,,,,,
dotnet,winforms,.github/copilot-instructions.md,copilot-instructions.md,raw/dotnet/winforms/.github/copilot-instructions.md,https://github.com/dotnet/winforms,https://github.com/dotnet/winforms/blob/main/.github/copilot-instructions.md,main,4694.0,1061.0,2018-10-19T01:54:02Z,2025-10-18T02:54:03Z,2025-10-18T02:54:07Z,,3,2025-02-28T01:59:09Z,dotnet/winforms/copilot-instructions.md,copilot-instructions,,561.0,196,529,,Development Process,Implementation Details,Debugging,Performance,Documentation & References,UI/UX,,,,,,,,,,196,,Development Process,Implementation Details,Debugging,Performance,Documentation & References,UI/UX,,,,,,,,,
dotnet,efcore,.github/copilot-instructions.md,copilot-instructions.md,raw/dotnet/efcore/.github/copilot-instructions.md,https://github.com/dotnet/efcore,https://github.com/dotnet/efcore/blob/main/.github/copilot-instructions.md,main,14421.0,3323.0,2014-01-23T00:52:01Z,2025-10-18T02:07:10Z,2025-10-18T22:30:24Z,,4,2025-05-23T20:46:00Z,dotnet/efcore/copilot-instructions.md,copilot-instructions,,238.0,268,306,,Claude/AI Integration,Implementation Details,Architecture,Test,Configuration & Environment,Debugging,Performance,,,,,,,,,268,,Claude/AI Integration,Implementation Details,Architecture,Test,Configuration & Environment,Debugging,Performance,,,,,,,,
ZachWatkins,Remarklet,.github/copilot-instructions.md,copilot-instructions.md,raw/ZachWatkins/Remarklet/.github/copilot-instructions.md,https://github.com/ZachWatkins/Remarklet,https://github.com/ZachWatkins/Remarklet/blob/main/.github/copilot-instructions.md,main,10.0,2.0,2015-02-25T01:19:46Z,2025-10-06T19:22:19Z,2025-06-07T00:40:58Z,,3,2025-03-21T23:35:07Z,ZachWatkins/Remarklet/copilot-instructions.md,copilot-instructions,,83.0,261,145,,System Overview,Implementation Details,,,,,,,,,,,,,,261,,System Overview,Implementation Details,,,,,,,,,,,,,
github,gh-gei,.github/copilot-instructions.md,copilot-instructions.md,raw/github/gh-gei/.github/copilot-instructions.md,https://github.com/github/gh-gei,https://github.com/github/gh-gei/blob/main/.github/copilot-instructions.md,main,391.0,119.0,2021-10-13T18:27:12Z,2025-10-14T15:18:07Z,2025-10-17T10:09:07Z,,3,2025-06-20T15:50:00Z,github/gh-gei/copilot-instructions.md,copilot-instructions,,27.0,237,104,,Development Process,Architecture,System Overview,Implementation Details,,,,,,,,,,,,237,,Development Process,Architecture,System Overview,Implementation Details,,,,,,,,,,,
RosegoldMC,rosegold.cr,.github/copilot-instructions.md,copilot-instructions.md,raw/RosegoldMC/rosegold.cr/.github/copilot-instructions.md,https://github.com/RosegoldMC/rosegold.cr,https://github.com/RosegoldMC/rosegold.cr/blob/main/.github/copilot-instructions.md,main,28.0,8.0,2022-06-06T01:02:43Z,2025-10-01T16:56:08Z,2025-10-01T16:54:48Z,,2,2025-07-24T13:48:26Z,RosegoldMC/rosegold.cr/copilot-instructions.md,copilot-instructions,,201.0,235,50,,System Overview,Claude/AI Integration,Configuration & Environment,Development Process,Build  & Run,Test,Debugging,Deployment and Operations,,,,,,,,235,,System Overview,Claude/AI Integration,Configuration & Environment,Development Process,Build  & Run,Test,Debugging,Deployment and Operations,,,,,,,
esphome,esphome-devices,.github/copilot-instructions.md,copilot-instructions.md,raw/esphome/esphome-devices/.github/copilot-instructions.md,https://github.com/esphome/esphome-devices,https://github.com/esphome/esphome-devices/blob/main/.github/copilot-instructions.md,main,262.0,744.0,2020-10-24T17:58:07Z,2025-10-18T17:23:50Z,2025-10-18T17:23:55Z,,3,2025-07-03T00:12:11Z,esphome/esphome-devices/copilot-instructions.md,copilot-instructions,,177.0,222,41,,System Overview,Development Process,Implementation Details,Debugging,,,,,,,,,,,,222,,System Overview,Development Process,Implementation Details,Debugging,,,,,,,,,,,
nbonamy,witsy,.github/copilot-instructions.md,copilot-instructions.md,raw/nbonamy/witsy/.github/copilot-instructions.md,https://github.com/nbonamy/witsy,https://github.com/nbonamy/witsy/blob/main/.github/copilot-instructions.md,main,1652.0,144.0,2024-04-25T03:55:22Z,2025-10-18T20:05:14Z,2025-10-18T21:29:38Z,,6,2025-07-17T23:30:28Z,nbonamy/witsy/copilot-instructions.md,copilot-instructions,,114.0,254,346,,System Overview,Architecture,Development Process,Implementation Details,Test,UI/UX,,,,,,,,,,254,,System Overview,Architecture,Development Process,Implementation Details,Test,UI/UX,,,,,,,,,
formbricks,formbricks,.github/copilot-instructions.md,copilot-instructions.md,raw/formbricks/formbricks/.github/copilot-instructions.md,https://github.com/formbricks/formbricks,https://github.com/formbricks/formbricks/blob/main/.github/copilot-instructions.md,main,11422.0,2019.0,2022-06-06T04:25:21Z,2025-10-18T16:28:58Z,2025-10-18T20:13:26Z,,5,2025-04-25T08:13:15Z,formbricks/formbricks/copilot-instructions.md,copilot-instructions,,32.0,251,420,,Test,Claude/AI Integration,Implementation Details,,,,,,,,,,,,,251,,Test,Claude/AI Integration,Implementation Details,,,,,,,,,,,,
craft-code-club,blog-c3,.github/copilot-instructions.md,copilot-instructions.md,raw/craft-code-club/blog-c3/.github/copilot-instructions.md,https://github.com/craft-code-club/blog-c3,https://github.com/craft-code-club/blog-c3/blob/main/.github/copilot-instructions.md,main,11.0,4.0,2025-01-18T23:38:29Z,2025-10-18T12:20:43Z,2025-10-18T12:20:45Z,,1,2025-05-18T13:10:21Z,craft-code-club/blog-c3/copilot-instructions.md,copilot-instructions,,271.0,249,146,,Claude/AI Integration,System Overview,Implementation Details,Performance,Performance,UI/UX,Deployment and Operations,Documentation & References,,,,,,,,249,,Claude/AI Integration,System Overview,Implementation Details,Performance,Performance,UI/UX,Deployment and Operations,Documentation & References,,,,,,,
shader-slang,slang,.github/copilot-instructions.md,copilot-instructions.md,raw/shader-slang/slang/.github/copilot-instructions.md,https://github.com/shader-slang/slang,https://github.com/shader-slang/slang/blob/master/.github/copilot-instructions.md,master,4631.0,360.0,2017-06-09T17:42:49Z,2025-10-18T01:40:48Z,2025-10-19T00:51:52Z,,5,2025-07-02T03:45:02Z,shader-slang/slang/copilot-instructions.md,copilot-instructions,,65.0,214,266,,Configuration & Environment,Build  & Run,Maintanability,Development Process,Debugging,Test,,,,,,,,,,214,,Configuration & Environment,Build  & Run,Maintanability,Development Process,Debugging,Test,,,,,,,,,
aavetis,PRarena,.github/copilot-instructions.md,copilot-instructions.md,raw/aavetis/PRarena/.github/copilot-instructions.md,https://github.com/aavetis/PRarena,https://github.com/aavetis/PRarena/blob/main/.github/copilot-instructions.md,main,289.0,26.0,2025-05-22T17:51:08Z,2025-10-19T00:04:15Z,2025-10-19T00:04:19Z,,1,2025-06-22T19:47:48Z,aavetis/PRarena/copilot-instructions.md,copilot-instructions,,6.0,266,564,,Configuration & Environment,Build  & Run,,,,,,,,,,,,,,266,,Configuration & Environment,Build  & Run,,,,,,,,,,,,,
netz98,n98-magerun2,.github/copilot-instructions.md,copilot-instructions.md,raw/netz98/n98-magerun2/.github/copilot-instructions.md,https://github.com/netz98/n98-magerun2,https://github.com/netz98/n98-magerun2/blob/master/.github/copilot-instructions.md,master,917.0,226.0,2014-10-27T10:38:12Z,2025-10-16T21:03:38Z,2025-10-15T13:45:02Z,,6,2025-05-29T07:54:24Z,netz98/n98-magerun2/copilot-instructions.md,copilot-instructions,,289.0,248,343,,Configuration & Environment,Build  & Run,Test,Development Process,Implementation Details,Documentation & References,Architecture,Deployment and Operations,Debugging,,,,,,,248,,Configuration & Environment,Build  & Run,Test,Development Process,Implementation Details,Documentation & References,Architecture,Deployment and Operations,Debugging,,,,,,
bugsink,bugsink,.github/copilot-instructions.md,copilot-instructions.md,raw/bugsink/bugsink/.github/copilot-instructions.md,https://github.com/bugsink/bugsink,https://github.com/bugsink/bugsink/blob/main/.github/copilot-instructions.md,main,1160.0,58.0,2024-08-21T06:19:56Z,2025-10-10T07:42:12Z,2025-10-18T06:56:24Z,,2,2025-07-29T12:05:18Z,bugsink/bugsink/copilot-instructions.md,copilot-instructions,,59.0,212,52,,Implementation Details,Test,Architecture,UI/UX,Development Process,,,,,,,,,,,212,,Implementation Details,Test,Architecture,UI/UX,Development Process,,,,,,,,,,
