row_number,repository_owner,repository_name,file_url,conflicts,total_labels,disagreement_percentage,amy_label_count,tem_label_count,common_label_count,only_in_amy,only_in_tem,common_labels
1,cortesi,musq,https://github.com/cortesi/musq/blob/main/AGENTS.md,6,6,100.0,3,3,0,Development Process; Documentation & References; Test,Build  & Run; Claude/AI Integration; Implementation Details,
2,Rello,analytics,https://github.com/Rello/analytics/blob/master/AGENTS.md,8,8,100.0,4,4,0,Architecture; Claude/AI Integration; Development Process; System Overview,Build  & Run; Debugging; Implementation Details; Test,
3,seasonedcc,remix-forms,https://github.com/seasonedcc/remix-forms/blob/main/AGENTS.md,7,9,77.78,7,4,2,Architecture; Build  & Run; Claude/AI Integration; Debugging; Test,Configuration & Environment; System Overview,Development Process; Implementation Details
5,mirage335-colossus,ubiquitous_bash,https://github.com/mirage335-colossus/ubiquitous_bash/blob/master/AGENTS.md,5,8,62.5,7,4,3,Architecture; Development Process; Documentation & References; Implementation Details,Build  & Run,Debugging; System Overview; Test
6,KarlTDebiec,Scinoephile,https://github.com/KarlTDebiec/Scinoephile/blob/master/AGENTS.md,7,8,87.5,5,4,1,Build  & Run; Development Process; Implementation Details; Test,Claude/AI Integration; Performance; Security,Documentation & References
7,blockscout,mcp-server,https://github.com/blockscout/mcp-server/blob/main/AGENTS.md,3,5,60.0,2,5,2,,Documentation & References; Project Management; Test,Architecture; System Overview
8,BittnerPierre,AI-Agent-Casebook,https://github.com/BittnerPierre/AI-Agent-Casebook/blob/main/AGENTS.md,5,6,83.33,4,3,1,Claude/AI Integration; Development Process; Project Management,Configuration & Environment; System Overview,Implementation Details
9,FarmBot,Farmbot-Web-App,https://github.com/FarmBot/Farmbot-Web-App/blob/main/AGENTS.md,3,6,50.0,4,5,3,Documentation & References,Configuration & Environment; Development Process,Build  & Run; Implementation Details; Test
10,open5e,open5e-api,https://github.com/open5e/open5e-api/blob/main/AGENTS.md,3,5,60.0,3,4,2,Claude/AI Integration,Test; UI/UX,Implementation Details; System Overview
11,sequinstream,sequin,https://github.com/sequinstream/sequin/blob/main/AGENTS.md,4,6,66.67,3,5,2,Build  & Run,Performance; Security; UI/UX,Implementation Details; Test
13,SwitchbackTech,compass,https://github.com/SwitchbackTech/compass/blob/main/AGENTS.md,3,6,50.0,5,4,3,Architecture; Implementation Details,Build  & Run,Configuration & Environment; Documentation & References; Test
14,tracking202,prosper202,https://github.com/tracking202/prosper202/blob/master/AGENTS.md,4,8,50.0,8,4,4,Claude/AI Integration; Development Process; Documentation & References; Maintanability,,Architecture; Implementation Details; System Overview; Test
15,LocalSymmetry,lofn,https://github.com/LocalSymmetry/lofn/blob/main/AGENTS.md,6,7,85.71,5,3,1,Architecture; Build  & Run; Deployment and Operations; System Overview,Implementation Details; Test,Configuration & Environment
16,Pirate-Weather,pirate-weather-code,https://github.com/Pirate-Weather/pirate-weather-code/blob/main/AGENTS.md,8,8,100.0,3,5,0,Implementation Details; Maintanability; Test,Configuration & Environment; Debugging; Development Process; Documentation & References; Security,
17,samuelstevens,biobench,https://github.com/samuelstevens/biobench/blob/main/AGENTS.md,7,8,87.5,5,4,1,Architecture; Debugging; Development Process; Test,Build  & Run; Claude/AI Integration; Configuration & Environment,Implementation Details
18,Pedal-Intelligence,saypi-userscript,https://github.com/Pedal-Intelligence/saypi-userscript/blob/main/CLAUDE.md,7,9,77.78,6,5,2,Architecture; Claude/AI Integration; System Overview; Test,Deployment and Operations; Development Process; Implementation Details,Build  & Run; Configuration & Environment
20,windmill-labs,windmill,https://github.com/windmill-labs/windmill/blob/main/CLAUDE.md,3,5,60.0,3,4,2,Documentation & References,Build  & Run; Test,Implementation Details; System Overview
21,sapientpants,sonarqube-mcp-server,https://github.com/sapientpants/sonarqube-mcp-server/blob/main/CLAUDE.md,4,7,57.14,6,4,3,Claude/AI Integration; Implementation Details; Performance,Test,Architecture; Configuration & Environment; System Overview
22,slick,slick,https://github.com/slick/slick/blob/main/CLAUDE.md,7,9,77.78,9,2,2,Architecture; Claude/AI Integration; Configuration & Environment; Debugging; Development Process; Implementation Details; System Overview,,Build  & Run; Test
25,amittell,firewalla-mcp-server,https://github.com/amittell/firewalla-mcp-server/blob/main/CLAUDE.md,8,12,66.67,12,4,4,Architecture; Claude/AI Integration; Configuration & Environment; Development Process; Documentation & References; Performance; Project Management; System Overview,,Build  & Run; Debugging; Implementation Details; Test
26,meilisearch,meilisearch-mcp,https://github.com/meilisearch/meilisearch-mcp/blob/main/CLAUDE.md,4,7,57.14,6,4,3,Build  & Run; Configuration & Environment; Development Process,Implementation Details,Architecture; System Overview; Test
27,spylang,spy,https://github.com/spylang/spy/blob/main/CLAUDE.md,4,7,57.14,5,5,3,Claude/AI Integration; Implementation Details,Architecture; System Overview,Build  & Run; Development Process; Test
28,masc-ucsc,hagent,https://github.com/masc-ucsc/hagent/blob/main/CLAUDE.md,3,6,50.0,5,4,3,Architecture; Build  & Run,Development Process,Configuration & Environment; Implementation Details; Test
29,ComposioHQ,composio,https://github.com/ComposioHQ/composio/blob/master/CLAUDE.md,10,11,90.91,9,3,1,Architecture; Build  & Run; Configuration & Environment; Documentation & References; Implementation Details; Maintanability; System Overview; Test,Debugging; Performance,Development Process
30,gensx-inc,gensx,https://github.com/gensx-inc/gensx/blob/main/CLAUDE.md,6,8,75.0,7,3,2,Architecture; Build  & Run; Configuration & Environment; Development Process; Test,Documentation & References,Implementation Details; System Overview
31,PostHog,posthog,https://github.com/PostHog/posthog/blob/master/CLAUDE.md,6,6,100.0,1,5,0,Documentation & References,Architecture; Build  & Run; Configuration & Environment; Deployment and Operations; System Overview,
33,Sylius,Sylius,https://github.com/Sylius/Sylius/blob/master/CLAUDE.md,3,3,100.0,1,2,0,Documentation & References,Configuration & Environment; Implementation Details,
34,docdyhr,mcp-wordpress,https://github.com/docdyhr/mcp-wordpress/blob/main/CLAUDE.md,9,11,81.82,8,5,2,Build  & Run; Configuration & Environment; Deployment and Operations; Development Process; System Overview; Test,Claude/AI Integration; Debugging; Documentation & References,Architecture; Security
35,BeehiveInnovations,zen-mcp-server,https://github.com/BeehiveInnovations/zen-mcp-server/blob/main/CLAUDE.md,6,7,85.71,6,2,1,Architecture; Configuration & Environment; Debugging; Development Process; Test,Implementation Details,Build  & Run
36,berachain,beacon-kit,https://github.com/berachain/beacon-kit/blob/main/CLAUDE.md,6,8,75.0,7,3,2,Architecture; Build  & Run; Development Process; Implementation Details; Test,Claude/AI Integration,Configuration & Environment; System Overview
37,vespa-engine,pyvespa,https://github.com/vespa-engine/pyvespa/blob/master/.github/copilot-instructions.md,8,11,72.73,8,6,3,Architecture; Build  & Run; Debugging; System Overview; Test,Claude/AI Integration; Project Management; Security,Configuration & Environment; Documentation & References; Implementation Details
38,dynamoose,dynamoose,https://github.com/dynamoose/dynamoose/blob/main/.github/copilot-instructions.md,7,9,77.78,5,6,2,Architecture; Development Process; System Overview,Claude/AI Integration; Documentation & References; Performance; Security,Build  & Run; Implementation Details
39,gofiber,fiber,https://github.com/gofiber/fiber/blob/main/.github/copilot-instructions.md,9,9,100.0,3,6,0,Documentation & References; Implementation Details; Maintanability,Build  & Run; Claude/AI Integration; Configuration & Environment; Deployment and Operations; System Overview; Test,
41,dsccommunity,SqlServerDsc,https://github.com/dsccommunity/SqlServerDsc/blob/main/.github/copilot-instructions.md,4,4,100.0,2,2,0,Documentation & References; Implementation Details,Claude/AI Integration; Project Management,
42,ydb-platform,ydb-embedded-ui,https://github.com/ydb-platform/ydb-embedded-ui/blob/main/.github/copilot-instructions.md,8,12,66.67,10,6,4,Architecture; Build  & Run; Configuration & Environment; Debugging; Security; System Overview,Deployment and Operations; Test,Claude/AI Integration; Development Process; Implementation Details; Performance
43,Agoric,agoric-sdk,https://github.com/Agoric/agoric-sdk/blob/master/.github/copilot-instructions.md,1,4,25.0,4,3,3,Implementation Details,,Build  & Run; Debugging; Test
44,Azure,adx-mon,https://github.com/Azure/adx-mon/blob/main/.github/copilot-instructions.md,8,11,72.73,8,6,3,Architecture; Build  & Run; Debugging; Performance; System Overview,Claude/AI Integration; Project Management; Security,Documentation & References; Implementation Details; Test
45,Azure,azure-rest-api-specs,https://github.com/Azure/azure-rest-api-specs/blob/main/.github/copilot-instructions.md,8,9,88.89,4,6,1,Claude/AI Integration; Development Process; Project Management,Architecture; Configuration & Environment; Debugging; System Overview; Test,Implementation Details
46,zwave-js,zwave-js,https://github.com/zwave-js/zwave-js/blob/master/.github/copilot-instructions.md,4,8,50.0,6,6,4,Build  & Run; Development Process,Configuration & Environment; Security,Architecture; Implementation Details; System Overview; Test
47,timdeschryver,Sandbox,https://github.com/timdeschryver/Sandbox/blob/main/.github/copilot-instructions.md,5,9,55.56,7,6,4,Development Process; Security; Test,Configuration & Environment; System Overview,Architecture; Build  & Run; Deployment and Operations; Implementation Details
48,microsoft,vscode-jupyter,https://github.com/microsoft/vscode-jupyter/blob/main/.github/copilot-instructions.md,4,8,50.0,6,6,4,Development Process; Test,Project Management; System Overview,Architecture; Build  & Run; Documentation & References; Implementation Details
49,AzureAD,microsoft-authentication-library-for-dotnet,https://github.com/AzureAD/microsoft-authentication-library-for-dotnet/blob/main/.github/copilot-instructions.md,1,1,100.0,1,0,0,Documentation & References,,
50,AzureAD,microsoft-identity-web,https://github.com/AzureAD/microsoft-identity-web/blob/master/.github/copilot-instructions.md,7,7,100.0,1,6,0,Documentation & References,Claude/AI Integration; Configuration & Environment; Deployment and Operations; Development Process; Implementation Details; Project Management,
51,pomerium,mcp-app-demo,https://github.com/pomerium/mcp-app-demo/blob/main/.github/copilot-instructions.md,5,8,62.5,5,6,3,Debugging; UI/UX,Configuration & Environment; Development Process; Performance,Architecture; Implementation Details; System Overview
52,rjmurillo,moq.analyzers,https://github.com/rjmurillo/moq.analyzers/blob/main/.github/copilot-instructions.md,8,11,72.73,9,5,3,Claude/AI Integration; Configuration & Environment; Development Process; Documentation & References; Project Management; Test,Deployment and Operations; System Overview,Build  & Run; Debugging; Implementation Details
53,dotnet,winforms,https://github.com/dotnet/winforms/blob/main/.github/copilot-instructions.md,10,12,83.33,6,8,2,Debugging; Development Process; Performance; UI/UX,Architecture; Build  & Run; Claude/AI Integration; Configuration & Environment; Deployment and Operations; System Overview,Documentation & References; Implementation Details
54,dotnet,efcore,https://github.com/dotnet/efcore/blob/main/.github/copilot-instructions.md,10,11,90.91,7,5,1,Architecture; Claude/AI Integration; Configuration & Environment; Debugging; Performance; Test,Documentation & References; Project Management; Security; System Overview,Implementation Details
55,ZachWatkins,Remarklet,https://github.com/ZachWatkins/Remarklet/blob/main/.github/copilot-instructions.md,3,3,100.0,2,1,0,Implementation Details; System Overview,Claude/AI Integration,
56,github,gh-gei,https://github.com/github/gh-gei/blob/main/.github/copilot-instructions.md,6,8,75.0,4,6,2,Architecture; Development Process,Claude/AI Integration; Configuration & Environment; Documentation & References; Test,Implementation Details; System Overview
57,RosegoldMC,rosegold.cr,https://github.com/RosegoldMC/rosegold.cr/blob/main/.github/copilot-instructions.md,6,10,60.0,8,6,4,Build  & Run; Debugging; Development Process; Test,Architecture; Implementation Details,Claude/AI Integration; Configuration & Environment; Deployment and Operations; System Overview
58,esphome,esphome-devices,https://github.com/esphome/esphome-devices/blob/main/.github/copilot-instructions.md,6,8,75.0,4,6,2,Debugging; Development Process,Architecture; Build  & Run; Configuration & Environment; UI/UX,Implementation Details; System Overview
59,nbonamy,witsy,https://github.com/nbonamy/witsy/blob/main/.github/copilot-instructions.md,6,9,66.67,6,6,3,Development Process; Test; UI/UX,Build  & Run; Deployment and Operations; Project Management,Architecture; Implementation Details; System Overview
60,formbricks,formbricks,https://github.com/formbricks/formbricks/blob/main/.github/copilot-instructions.md,5,7,71.43,3,6,2,Test,Architecture; Configuration & Environment; Security; System Overview,Claude/AI Integration; Implementation Details
61,craft-code-club,blog-c3,https://github.com/craft-code-club/blog-c3/blob/main/.github/copilot-instructions.md,5,9,55.56,7,6,4,Deployment and Operations; Performance; UI/UX,Configuration & Environment; Development Process,Claude/AI Integration; Documentation & References; Implementation Details; System Overview
62,shader-slang,slang,https://github.com/shader-slang/slang/blob/master/.github/copilot-instructions.md,8,10,80.0,6,6,2,Debugging; Development Process; Maintanability; Test,Documentation & References; Implementation Details; Project Management; System Overview,Build  & Run; Configuration & Environment
4,aavetis,PRarena,https://github.com/aavetis/PRarena/blob/main/.github/copilot-instructions.md,8,8,100.0,2,6,0,Build  & Run; Configuration & Environment,Architecture; Claude/AI Integration; Implementation Details; Project Management; System Overview; UI/UX,
12,netz98,n98-magerun2,https://github.com/netz98/n98-magerun2/blob/master/.github/copilot-instructions.md,7,11,63.64,9,6,4,Build  & Run; Debugging; Deployment and Operations; Development Process; Test,Claude/AI Integration; System Overview,Architecture; Configuration & Environment; Documentation & References; Implementation Details
19,bugsink,bugsink,https://github.com/bugsink/bugsink/blob/main/.github/copilot-instructions.md,7,9,77.78,5,6,2,Architecture; Development Process; UI/UX,Build  & Run; Configuration & Environment; Debugging; System Overview,Implementation Details; Test
23,lbds137,tzurot,https://github.com/lbds137/tzurot/blob/HEAD/src/CLAUDE.md,7,9,77.78,7,4,2,Architecture; Development Process; Implementation Details; Performance; Security,Configuration & Environment; Documentation & References,Debugging; Test
24,tphakala,birdnet-go,https://github.com/tphakala/birdnet-go/blob/HEAD/frontend/src/lib/desktop/components/CLAUDE.md,3,5,60.0,4,3,2,Documentation & References; Test,System Overview,Architecture; Implementation Details
32,ryanmac,code-conductor,https://github.com/ryanmac/code-conductor/blob/HEAD/.conductor/scripts/CLAUDE.md,6,9,66.67,9,3,3,Claude/AI Integration; Debugging; Development Process; Documentation & References; Security; Test,,Architecture; Implementation Details; System Overview
40,Azure,azure-service-operator,https://github.com/Azure/azure-service-operator/blob/ddf0cd6f6c749822fbaf0218f3750e315dbdce25/.github/instructions/copilot-instructions.md,7,8,87.5,7,2,1,Architecture; Claude/AI Integration; Configuration & Environment; Development Process; System Overview; Test,Security,Documentation & References
63,openai,openai-agents-js,https://github.com/openai/openai-agents-js/blob/main/AGENTS.md,4,9,44.44,7,7,5,Architecture; Documentation & References,Configuration & Environment; Implementation Details,Build  & Run; Claude/AI Integration; Development Process; System Overview; Test
64,herbie-fp,herbie,https://github.com/herbie-fp/herbie/blob/main/AGENTS.md,7,9,77.78,4,7,2,Development Process; Project Management,Build  & Run; Claude/AI Integration; Configuration & Environment; Implementation Details; Performance,Documentation & References; Test
65,bdougie,contributor.info,https://github.com/bdougie/contributor.info/blob/main/AGENTS.md,3,8,37.5,6,7,5,Implementation Details,System Overview; UI/UX,Architecture; Build  & Run; Configuration & Environment; Development Process; Test
66,AustinKelsay,snstr,https://github.com/AustinKelsay/snstr/blob/main/AGENTS.md,3,8,37.5,6,7,5,Architecture,Documentation & References; System Overview,Build  & Run; Configuration & Environment; Development Process; Implementation Details; Test
67,iarunsaragadam,ngx-tailwind-flex-ui,https://github.com/iarunsaragadam/ngx-tailwind-flex-ui/blob/main/AGENTS.md,3,8,37.5,6,7,5,Maintanability,Architecture; Claude/AI Integration,Documentation & References; Implementation Details; System Overview; Test; UI/UX
68,unclehowell,datro,https://github.com/unclehowell/datro/blob/master/AGENTS.md,4,7,57.14,3,7,3,,Architecture; Project Management; System Overview; UI/UX,Claude/AI Integration; Documentation & References; Implementation Details
69,jlowin,fastmcp,https://github.com/jlowin/fastmcp/blob/main/AGENTS.md,2,8,25.0,7,7,6,Debugging,Build  & Run,Architecture; Claude/AI Integration; Development Process; Implementation Details; System Overview; Test
70,SpineEventEngine,core-java,https://github.com/SpineEventEngine/core-java/blob/master/AGENTS.md,2,3,66.67,1,3,1,,Claude/AI Integration; Implementation Details,Documentation & References
71,minio,pkg,https://github.com/minio/pkg/blob/main/AGENTS.md,5,9,55.56,6,7,4,Architecture; Security,Claude/AI Integration; Configuration & Environment; Documentation & References,Build  & Run; Development Process; Implementation Details; Test
72,EricLBuehler,mistral.rs,https://github.com/EricLBuehler/mistral.rs/blob/master/AGENTS.md,3,8,37.5,6,7,5,Documentation & References,Claude/AI Integration; Implementation Details,Architecture; Build  & Run; Deployment and Operations; System Overview; Test
73,eduzen,website,https://github.com/eduzen/website/blob/main/AGENTS.md,4,9,44.44,7,7,5,Implementation Details; Security,Deployment and Operations; System Overview,Architecture; Build  & Run; Configuration & Environment; Development Process; Test
74,Wroud,foundation,https://github.com/Wroud/foundation/blob/main/AGENTS.md,7,9,77.78,4,7,2,Development Process; Documentation & References,Build  & Run; Claude/AI Integration; Implementation Details; Project Management; System Overview,Configuration & Environment; Test
75,tecnomanu,agent-rules-kit,https://github.com/tecnomanu/agent-rules-kit/blob/main/AGENTS.md,7,10,70.0,6,7,3,Configuration & Environment; Debugging; Documentation & References,Architecture; Implementation Details; Project Management; UI/UX,Build  & Run; Claude/AI Integration; System Overview
76,whiteducksoftware,flock,https://github.com/whiteducksoftware/flock/blob/master/AGENTS.md,5,11,45.45,10,7,6,Configuration & Environment; Deployment and Operations; Development Process; Documentation & References,Claude/AI Integration,Architecture; Build  & Run; Debugging; Implementation Details; System Overview; Test
77,PV-Bhat,vibe-check-mcp-server,https://github.com/PV-Bhat/vibe-check-mcp-server/blob/main/AGENTS.md,3,7,42.86,4,7,4,,Architecture; Claude/AI Integration; Deployment and Operations,Build  & Run; Configuration & Environment; System Overview; Test
78,stampchain-io,BTCStampsExplorer,https://github.com/stampchain-io/BTCStampsExplorer/blob/main/AGENTS.md,6,11,54.55,9,7,5,Development Process; Performance; Security; Test,Claude/AI Integration; Project Management,Architecture; Build  & Run; Configuration & Environment; Implementation Details; System Overview
79,lynx-family,lynx-stack,https://github.com/lynx-family/lynx-stack/blob/main/AGENTS.md,4,9,44.44,7,7,5,Development Process; Documentation & References,Implementation Details; UI/UX,Architecture; Build  & Run; Configuration & Environment; System Overview; Test
80,amplitude,Amplitude-TypeScript,https://github.com/amplitude/Amplitude-TypeScript/blob/main/AGENTS.md,6,8,75.0,3,7,2,Configuration & Environment,Build  & Run; Claude/AI Integration; Documentation & References; Implementation Details; System Overview,Development Process; Test
81,thrasher-corp,gocryptotrader,https://github.com/thrasher-corp/gocryptotrader/blob/master/AGENTS.md,2,2,100.0,1,1,0,Documentation & References,Claude/AI Integration,
82,TypedDevs,bashunit,https://github.com/TypedDevs/bashunit/blob/main/AGENTS.md,5,8,62.5,4,7,3,System Overview,Build  & Run; Implementation Details; Maintanability; Project Management,Development Process; Documentation & References; Test
83,nodetool-ai,nodetool,https://github.com/nodetool-ai/nodetool/blob/main/AGENTS.md,6,11,54.55,9,7,5,Configuration & Environment; Development Process; Documentation & References; Test,Claude/AI Integration; Project Management,Architecture; Build  & Run; Implementation Details; System Overview; UI/UX
84,Azure,terraform-azurerm-avm-res-authorization-roleassignment,https://github.com/Azure/terraform-azurerm-avm-res-authorization-roleassignment/blob/main/AGENTS.md,4,9,44.44,7,7,5,Debugging; Project Management,Documentation & References; Security,Architecture; Deployment and Operations; Development Process; Implementation Details; System Overview
85,puemos,hls-downloader,https://github.com/puemos/hls-downloader/blob/master/AGENTS.md,5,9,55.56,6,7,4,Development Process; Documentation & References,Project Management; System Overview; UI/UX,Architecture; Build  & Run; Implementation Details; Test
86,MakePrisms,boardwalkcash,https://github.com/MakePrisms/boardwalkcash/blob/master/AGENTS.md,2,7,28.57,5,7,5,,Configuration & Environment; UI/UX,Architecture; Build  & Run; Implementation Details; System Overview; Test
87,naveedanwarbhatti,Self-Citations-Checker,https://github.com/naveedanwarbhatti/Self-Citations-Checker/blob/main/AGENTS.md,7,8,87.5,2,7,1,Configuration & Environment,Claude/AI Integration; Deployment and Operations; Documentation & References; Project Management; System Overview; Test,Build  & Run
88,hotovo,aider-desk,https://github.com/hotovo/aider-desk/blob/main/AGENTS.md,5,8,62.5,4,7,3,Test,Claude/AI Integration; Configuration & Environment; Deployment and Operations; Implementation Details,Architecture; Build  & Run; System Overview
89,adaptive,pops,https://github.com/adaptive/pops/blob/main/AGENTS.md,4,9,44.44,7,7,5,Implementation Details; Security,Claude/AI Integration; Configuration & Environment,Architecture; Build  & Run; Development Process; System Overview; Test
90,BarthPaleologue,CosmosJourneyer,https://github.com/BarthPaleologue/CosmosJourneyer/blob/main/AGENTS.md,6,9,66.67,5,7,3,Documentation & References; System Overview,Build  & Run; Configuration & Environment; Performance; Test,Claude/AI Integration; Development Process; Implementation Details
91,thorek1,MacroModelling.jl,https://github.com/thorek1/MacroModelling.jl/blob/main/AGENTS.md,5,7,71.43,2,7,2,,Deployment and Operations; Documentation & References; Performance; Security; Test,Build  & Run; Implementation Details
92,mkht,PSOpenAI,https://github.com/mkht/PSOpenAI/blob/main/AGENTS.md,4,7,57.14,3,7,3,,Architecture; Build  & Run; Claude/AI Integration; System Overview,Documentation & References; Implementation Details; Test
93,UltimateBrent,discord-rod,https://github.com/UltimateBrent/discord-rod/blob/master/AGENTS.md,7,9,77.78,4,7,2,Architecture; Security,Build  & Run; Claude/AI Integration; Development Process; Project Management; System Overview,Implementation Details; Test
94,XOXNO,rs-lending,https://github.com/XOXNO/rs-lending/blob/master/AGENTS.md,6,9,66.67,5,7,3,Architecture; Security,Claude/AI Integration; Configuration & Environment; Deployment and Operations; Implementation Details,Build  & Run; Development Process; Test
95,nounder,effect-start,https://github.com/nounder/effect-start/blob/main/AGENTS.md,5,7,71.43,2,7,2,,Architecture; Build  & Run; Configuration & Environment; Deployment and Operations; System Overview,Implementation Details; Test
96,elizaOS,autonomous-starter,https://github.com/elizaOS/autonomous-starter/blob/main/AGENTS.md,5,7,71.43,2,7,2,,Architecture; Build  & Run; Claude/AI Integration; Documentation & References; Test,Implementation Details; System Overview
97,zoonk,zoonk,https://github.com/zoonk/zoonk/blob/main/AGENTS.md,2,8,25.0,7,7,6,Performance,Test,Architecture; Claude/AI Integration; Documentation & References; Implementation Details; System Overview; UI/UX
98,njfio,fluent_cli,https://github.com/njfio/fluent_cli/blob/main/AGENTS.md,4,9,44.44,7,7,5,Architecture; Security,Deployment and Operations; System Overview,Build  & Run; Configuration & Environment; Development Process; Implementation Details; Test
99,vitejs,vite-plugin-react,https://github.com/vitejs/vite-plugin-react/blob/main/AGENTS.md,4,7,57.14,3,7,3,,Claude/AI Integration; Implementation Details; System Overview; UI/UX,Build  & Run; Documentation & References; Test
100,rsmp-nordic,rsmp_validator,https://github.com/rsmp-nordic/rsmp_validator/blob/main/AGENTS.md,7,9,77.78,4,7,2,Architecture; System Overview,Build  & Run; Configuration & Environment; Debugging; Deployment and Operations; Documentation & References,Implementation Details; Test
101,sooperset,mcp-atlassian,https://github.com/sooperset/mcp-atlassian/blob/main/AGENTS.md,3,7,42.86,4,7,4,,Debugging; System Overview; Test,Architecture; Build  & Run; Development Process; Implementation Details
102,OpenAF,openaf,https://github.com/OpenAF/openaf/blob/master/AGENTS.md,3,8,37.5,6,7,5,Architecture,Claude/AI Integration; Documentation & References,Build  & Run; Configuration & Environment; Development Process; Implementation Details; Test
103,F286,VsHelix,https://github.com/F286/VsHelix/blob/master/AGENTS.md,3,7,42.86,4,7,4,,Build  & Run; Claude/AI Integration; Documentation & References,Development Process; Implementation Details; System Overview; Test
104,naveedanwarbhatti,Google-Scholar-Conference-Ranker,https://github.com/naveedanwarbhatti/Google-Scholar-Conference-Ranker/blob/main/AGENTS.md,6,8,75.0,3,7,2,Configuration & Environment,Claude/AI Integration; Deployment and Operations; Documentation & References; Project Management; Test,Build  & Run; System Overview
105,selfxyz,self,https://github.com/selfxyz/self/blob/main/AGENTS.md,5,8,62.5,4,7,3,Architecture,Claude/AI Integration; Deployment and Operations; Implementation Details; UI/UX,Build  & Run; Development Process; Test
106,cartography-cncf,cartography,https://github.com/cartography-cncf/cartography/blob/master/AGENTS.md,2,9,22.22,9,7,7,Debugging; Documentation & References,,Architecture; Claude/AI Integration; Configuration & Environment; Implementation Details; Performance; System Overview; Test
107,kyryl-opens-ml,no-ocr,https://github.com/kyryl-opens-ml/no-ocr/blob/main/AGENTS.md,7,9,77.78,4,7,2,Development Process; Test,Build  & Run; Claude/AI Integration; Configuration & Environment; System Overview; UI/UX,Architecture; Implementation Details
108,Skyvern-AI,skyvern,https://github.com/Skyvern-AI/skyvern/blob/main/AGENTS.md,5,9,55.56,6,7,4,Performance; Security,Documentation & References; System Overview; Test,Architecture; Debugging; Development Process; Implementation Details
109,bruin-data,bruin,https://github.com/bruin-data/bruin/blob/main/AGENTS.md,6,10,60.0,7,7,4,Architecture; Debugging; System Overview,Claude/AI Integration; Deployment and Operations; Implementation Details,Build  & Run; Configuration & Environment; Development Process; Test
110,msgbyte,tianji,https://github.com/msgbyte/tianji/blob/master/AGENTS.md,5,8,62.5,4,7,3,Documentation & References,Architecture; Configuration & Environment; Implementation Details; System Overview,Build  & Run; Development Process; Test
111,faros-ai,airbyte-connectors,https://github.com/faros-ai/airbyte-connectors/blob/main/AGENTS.md,2,7,28.57,5,7,5,,Claude/AI Integration; System Overview,Architecture; Build  & Run; Configuration & Environment; Implementation Details; Test
112,anderssv,kotlin-htmx,https://github.com/anderssv/kotlin-htmx/blob/main/AGENTS.md,5,9,55.56,6,7,4,Development Process; Documentation & References,Claude/AI Integration; Project Management; System Overview,Architecture; Build  & Run; Implementation Details; Test
113,chainbound,taikoscope,https://github.com/chainbound/taikoscope/blob/main/AGENTS.md,5,8,62.5,4,7,3,Development Process,Architecture; Debugging; Deployment and Operations; System Overview,Build  & Run; Implementation Details; Test
114,andrejvysny,spendly,https://github.com/andrejvysny/spendly/blob/main/AGENTS.md,7,11,63.64,8,7,4,Development Process; Performance; Security; Test,Build  & Run; Configuration & Environment; UI/UX,Architecture; Claude/AI Integration; Implementation Details; System Overview
115,sqlrooms,sqlrooms,https://github.com/sqlrooms/sqlrooms/blob/main/AGENTS.md,5,8,62.5,4,7,3,Test,Claude/AI Integration; Configuration & Environment; Implementation Details; System Overview,Architecture; Build  & Run; Documentation & References
116,KristopherKubicki,glimpser,https://github.com/KristopherKubicki/glimpser/blob/main/AGENTS.md,4,6,66.67,2,6,2,,Build  & Run; System Overview; Test; UI/UX,Development Process; Implementation Details
117,arthurhenrique,cookiecutter-fastapi,https://github.com/arthurhenrique/cookiecutter-fastapi/blob/main/AGENTS.md,5,6,83.33,1,6,1,,Build  & Run; Development Process; Documentation & References; Implementation Details; Security,Test
118,nextcloud,desktop,https://github.com/nextcloud/desktop/blob/master/AGENTS.md,6,8,75.0,3,7,2,Implementation Details,Architecture; Claude/AI Integration; Debugging; Documentation & References; Project Management,Development Process; System Overview
119,kdroidFilter,Platform-Tools,https://github.com/kdroidFilter/Platform-Tools/blob/master/AGENTS.md,2,7,28.57,5,7,5,,Claude/AI Integration; System Overview,Architecture; Build  & Run; Development Process; Implementation Details; Test
120,nornagon,cdda-guide,https://github.com/nornagon/cdda-guide/blob/main/AGENTS.md,5,8,62.5,4,7,3,Architecture,Build  & Run; Claude/AI Integration; Configuration & Environment; Test,Development Process; Implementation Details; System Overview
121,microsoft,mcp-dotnet-samples,https://github.com/microsoft/mcp-dotnet-samples/blob/main/AGENTS.md,4,9,44.44,7,7,5,Architecture; Development Process,Build  & Run; Claude/AI Integration,Configuration & Environment; Deployment and Operations; Implementation Details; System Overview; Test
122,usememos,memos,https://github.com/usememos/memos/blob/main/AGENTS.md,7,10,70.0,6,7,3,Development Process; Security; Test,Configuration & Environment; Deployment and Operations; System Overview; UI/UX,Architecture; Build  & Run; Implementation Details
123,cablehead,xs,https://github.com/cablehead/xs/blob/main/AGENTS.md,6,8,75.0,3,7,2,Maintanability,Build  & Run; Claude/AI Integration; Debugging; Implementation Details; System Overview,Deployment and Operations; Development Process
124,xuyecan,alfred-chathub,https://github.com/xuyecan/alfred-chathub/blob/main/AGENTS.md,5,9,55.56,6,7,4,Development Process; Security,Claude/AI Integration; Configuration & Environment; System Overview,Architecture; Build  & Run; Implementation Details; Test
125,bldrs-ai,Share,https://github.com/bldrs-ai/Share/blob/main/AGENTS.md,3,8,37.5,6,7,5,Debugging,Claude/AI Integration; UI/UX,Architecture; Build  & Run; Implementation Details; System Overview; Test
126,uxlfoundation,oneDAL,https://github.com/uxlfoundation/oneDAL/blob/main/AGENTS.md,5,9,55.56,6,7,4,Claude/AI Integration; Test,Build  & Run; Configuration & Environment; Deployment and Operations,Architecture; Documentation & References; Implementation Details; System Overview
127,swc-project,swc,https://github.com/swc-project/swc/blob/main/AGENTS.md,5,7,71.43,3,6,2,Development Process,Build  & Run; Debugging; Documentation & References; Performance,Implementation Details; Test
128,alexlwn123,LastPayWins,https://github.com/alexlwn123/LastPayWins/blob/main/AGENTS.md,5,8,62.5,4,7,3,Debugging,Architecture; Configuration & Environment; Deployment and Operations; System Overview,Build  & Run; Implementation Details; Test
129,jkroepke,openvpn-auth-oauth2,https://github.com/jkroepke/openvpn-auth-oauth2/blob/main/AGENTS.md,7,8,87.5,2,7,1,Development Process,Architecture; Configuration & Environment; Deployment and Operations; Documentation & References; Implementation Details; Project Management,System Overview
130,cybrota,scharf,https://github.com/cybrota/scharf/blob/main/AGENTS.md,5,7,71.43,2,7,2,,Architecture; Build  & Run; Documentation & References; Security; Test,Development Process; Implementation Details
131,thrasher-,gocryptotrader,https://github.com/thrasher-/gocryptotrader/blob/master/AGENTS.md,2,2,100.0,1,1,0,Documentation & References,Claude/AI Integration,
132,joshuadanpeterson,typewriter.nvim,https://github.com/joshuadanpeterson/typewriter.nvim/blob/main/AGENTS.md,7,9,77.78,4,7,2,Architecture; Development Process,Build  & Run; Claude/AI Integration; Documentation & References; Project Management; System Overview,Implementation Details; Test
133,skip-mev,skip-go,https://github.com/skip-mev/skip-go/blob/main/AGENTS.md,6,11,54.55,9,7,5,Development Process; Documentation & References; Performance; UI/UX,Claude/AI Integration; Project Management,Architecture; Debugging; Implementation Details; System Overview; Test
134,remorses,fumabase,https://github.com/remorses/fumabase/blob/main/AGENTS.md,7,11,63.64,8,7,4,Configuration & Environment; Debugging; Development Process; UI/UX,Architecture; Build  & Run; System Overview,Claude/AI Integration; Documentation & References; Implementation Details; Test
135,MaximiliumM,appearancemenumod,https://github.com/MaximiliumM/appearancemenumod/blob/main/AGENTS.md,7,8,87.5,2,7,1,System Overview,Build  & Run; Claude/AI Integration; Deployment and Operations; Development Process; Documentation & References; Test,Implementation Details
136,RickCarlino,gnutella-bun-client,https://github.com/RickCarlino/gnutella-bun-client/blob/main/AGENTS.md,6,10,60.0,7,7,4,Configuration & Environment; Development Process; Security,Claude/AI Integration; Documentation & References; System Overview,Architecture; Build  & Run; Implementation Details; Test
137,heyverse,hey,https://github.com/heyverse/hey/blob/main/AGENTS.md,5,9,55.56,6,7,4,Development Process; Test,Claude/AI Integration; System Overview; UI/UX,Architecture; Build  & Run; Configuration & Environment; Implementation Details
138,microsoft,mcp,https://github.com/microsoft/mcp/blob/main/AGENTS.md,6,12,50.0,11,7,6,Claude/AI Integration; Debugging; Development Process; Documentation & References; Performance,Deployment and Operations,Architecture; Build  & Run; Configuration & Environment; Implementation Details; System Overview; Test
139,openai,openai-agents-python,https://github.com/openai/openai-agents-python/blob/main/AGENTS.md,4,8,50.0,5,7,4,Architecture,Documentation & References; Implementation Details; System Overview,Build  & Run; Claude/AI Integration; Development Process; Test
140,mazrean,kessoku,https://github.com/mazrean/kessoku/blob/main/CLAUDE.md,3,8,37.5,6,7,5,Documentation & References,Configuration & Environment; Implementation Details,Architecture; Build  & Run; Development Process; System Overview; Test
141,bbfox0703,Mydev-Cheat-Engine-Tables,https://github.com/bbfox0703/Mydev-Cheat-Engine-Tables/blob/main/CLAUDE.md,1,7,14.29,6,7,6,,Performance,Architecture; Claude/AI Integration; Development Process; Documentation & References; Implementation Details; System Overview
142,riffcc,flagship,https://github.com/riffcc/flagship/blob/main/CLAUDE.md,2,7,28.57,5,7,5,,Configuration & Environment; UI/UX,Architecture; Build  & Run; Implementation Details; System Overview; Test
143,getsentry,launchpad,https://github.com/getsentry/launchpad/blob/main/CLAUDE.md,5,10,50.0,8,7,5,Build  & Run; Development Process; Performance,Claude/AI Integration; Deployment and Operations,Architecture; Configuration & Environment; Implementation Details; System Overview; Test
144,ar-io,ar-io-node,https://github.com/ar-io/ar-io-node/blob/main/CLAUDE.md,1,7,14.29,6,7,6,,Build  & Run,Architecture; Deployment and Operations; Documentation & References; Implementation Details; System Overview; Test
145,komura-c,MusiL,https://github.com/komura-c/MusiL/blob/main/CLAUDE.md,5,9,55.56,6,7,4,Architecture; Configuration & Environment,Claude/AI Integration; Implementation Details; UI/UX,Build  & Run; Deployment and Operations; System Overview; Test
146,buger,probe,https://github.com/buger/probe/blob/main/CLAUDE.md,5,10,50.0,8,7,5,Architecture; Performance; Project Management,Build  & Run; Claude/AI Integration,Debugging; Development Process; Implementation Details; System Overview; Test
147,alexanderthclark,Matplotlib-for-Storytellers,https://github.com/alexanderthclark/Matplotlib-for-Storytellers/blob/main/CLAUDE.md,4,8,50.0,5,7,4,Configuration & Environment,Claude/AI Integration; Implementation Details; Project Management,Architecture; Build  & Run; Documentation & References; System Overview
148,Melvynx,saveit.now,https://github.com/Melvynx/saveit.now/blob/main/CLAUDE.md,2,7,28.57,5,7,5,,Implementation Details; System Overview,Architecture; Build  & Run; Configuration & Environment; Deployment and Operations; UI/UX
149,sugyan,claude-code-webui,https://github.com/sugyan/claude-code-webui/blob/main/CLAUDE.md,4,9,44.44,7,7,5,Development Process; Test,Claude/AI Integration; UI/UX,Architecture; Build  & Run; Configuration & Environment; Implementation Details; System Overview
150,miurla,morphic,https://github.com/miurla/morphic/blob/main/CLAUDE.md,7,10,70.0,6,7,3,Development Process; Documentation & References; Test,Claude/AI Integration; Deployment and Operations; Implementation Details; System Overview,Architecture; Build  & Run; Configuration & Environment
151,knyga,html2thermal,https://github.com/knyga/html2thermal/blob/master/CLAUDE.md,4,7,57.14,3,7,3,,Architecture; Build  & Run; Project Management; UI/UX,Implementation Details; System Overview; Test
152,Shinyaigeek,shinyaigeek.dev,https://github.com/Shinyaigeek/shinyaigeek.dev/blob/main/CLAUDE.md,8,10,80.0,5,7,2,Architecture; Maintanability; Test,Claude/AI Integration; Configuration & Environment; Implementation Details; System Overview; UI/UX,Build  & Run; Deployment and Operations
153,evmts,tevm-monorepo,https://github.com/evmts/tevm-monorepo/blob/main/CLAUDE.md,2,8,25.0,7,7,6,Development Process,Claude/AI Integration,Build  & Run; Configuration & Environment; Documentation & References; Implementation Details; System Overview; Test
154,ajanraj,OpenChat,https://github.com/ajanraj/OpenChat/blob/main/CLAUDE.md,3,10,30.0,10,7,7,Documentation & References; Maintanability; Performance,,Architecture; Build  & Run; Claude/AI Integration; Implementation Details; System Overview; Test; UI/UX
155,op-rs,kona,https://github.com/op-rs/kona/blob/main/CLAUDE.md,2,7,28.57,5,7,5,,Claude/AI Integration; System Overview,Architecture; Build  & Run; Configuration & Environment; Implementation Details; Test
156,reinier,dotfiles,https://github.com/reinier/dotfiles/blob/main/CLAUDE.md,4,8,50.0,5,7,4,Build  & Run,Claude/AI Integration; Configuration & Environment; Implementation Details,Architecture; Project Management; System Overview; Test
157,basicmachines-co,basic-memory,https://github.com/basicmachines-co/basic-memory/blob/main/CLAUDE.md,4,9,44.44,7,7,5,Build  & Run; Development Process,Configuration & Environment; Performance,Architecture; Claude/AI Integration; Implementation Details; System Overview; Test
158,SecDev-Lab,sprout,https://github.com/SecDev-Lab/sprout/blob/main/CLAUDE.md,4,8,50.0,5,7,4,Build  & Run,Implementation Details; Project Management; System Overview,Claude/AI Integration; Development Process; Documentation & References; Test
159,safety-research,safety-tooling,https://github.com/safety-research/safety-tooling/blob/main/CLAUDE.md,4,9,44.44,7,7,5,Debugging; Development Process,Configuration & Environment; Documentation & References,Architecture; Claude/AI Integration; Implementation Details; System Overview; Test
160,basher83,ProxmoxMCP,https://github.com/basher83/ProxmoxMCP/blob/main/CLAUDE.md,7,11,63.64,8,7,4,Architecture; Debugging; Development Process; Performance,Claude/AI Integration; Configuration & Environment; System Overview,Build  & Run; Implementation Details; Security; Test
161,yuneco,canvas-draw-styled-text,https://github.com/yuneco/canvas-draw-styled-text/blob/main/CLAUDE.md,3,7,42.86,4,7,4,,Claude/AI Integration; Implementation Details; UI/UX,Architecture; Build  & Run; System Overview; Test
162,ryanaidilp,stadata_flutter_sdk,https://github.com/ryanaidilp/stadata_flutter_sdk/blob/main/CLAUDE.md,5,10,50.0,8,7,5,Configuration & Environment; Development Process; Project Management,Claude/AI Integration; Documentation & References,Architecture; Build  & Run; Implementation Details; System Overview; Test
163,amun-ai,hypha,https://github.com/amun-ai/hypha/blob/main/CLAUDE.md,5,9,55.56,6,7,4,Development Process; Documentation & References,Claude/AI Integration; Configuration & Environment; Deployment and Operations,Architecture; Implementation Details; Security; System Overview
164,langchain-ai,langchain,https://github.com/langchain-ai/langchain/blob/master/CLAUDE.md,7,11,63.64,8,7,4,Development Process; Documentation & References; Maintanability; Security,Claude/AI Integration; Configuration & Environment; System Overview,Architecture; Build  & Run; Implementation Details; Test
165,lfnovo,esperanto,https://github.com/lfnovo/esperanto/blob/main/CLAUDE.md,7,8,87.5,2,7,1,Development Process,Build  & Run; Claude/AI Integration; Documentation & References; Implementation Details; Project Management; Test,System Overview
166,elizaOS,eliza,https://github.com/elizaOS/eliza/blob/main/CLAUDE.md,5,11,45.45,10,7,6,Debugging; Development Process; Documentation & References; Maintanability,Claude/AI Integration,Architecture; Build  & Run; Configuration & Environment; Implementation Details; System Overview; Test
167,linksort,linksort,https://github.com/linksort/linksort/blob/main/CLAUDE.md,7,10,70.0,6,7,3,Architecture; Documentation & References; Test,Claude/AI Integration; Deployment and Operations; Implementation Details; UI/UX,Build  & Run; Configuration & Environment; System Overview
168,MCPJam,inspector,https://github.com/MCPJam/inspector/blob/main/CLAUDE.md,7,10,70.0,6,7,3,Documentation & References; Maintanability; Security,Claude/AI Integration; Configuration & Environment; Debugging; Test,Architecture; Build  & Run; System Overview
169,sorryhyun,DiPeO,https://github.com/sorryhyun/DiPeO/blob/main/CLAUDE.md,4,9,44.44,7,7,5,Debugging; Development Process,Configuration & Environment; Implementation Details,Architecture; Build  & Run; Claude/AI Integration; Documentation & References; System Overview
170,FluidGroup,Brightroom,https://github.com/FluidGroup/Brightroom/blob/main/CLAUDE.md,4,8,50.0,5,7,4,Development Process,Implementation Details; Project Management; Test,Architecture; Build  & Run; System Overview; UI/UX
171,stid,Apple1JS,https://github.com/stid/Apple1JS/blob/master/CLAUDE.md,6,10,60.0,7,7,4,Claude/AI Integration; Debugging; Documentation & References,Architecture; Implementation Details; System Overview,Build  & Run; Development Process; Project Management; Test
172,aaronjmars,tweazy,https://github.com/aaronjmars/tweazy/blob/main/CLAUDE.md,5,9,55.56,6,7,4,Security; Test,Claude/AI Integration; Documentation & References; Implementation Details,Architecture; Build  & Run; Configuration & Environment; System Overview
173,bitsacco,os,https://github.com/bitsacco/os/blob/main/CLAUDE.md,4,7,57.14,3,7,3,,Configuration & Environment; Development Process; Documentation & References; System Overview,Build  & Run; Implementation Details; Test
174,bdougie,contributor.info,https://github.com/bdougie/contributor.info/blob/main/CLAUDE.md,5,9,55.56,6,7,4,Documentation & References; Project Management,Architecture; Test; UI/UX,Build  & Run; Configuration & Environment; Implementation Details; System Overview
175,Veloera,Veloera,https://github.com/Veloera/Veloera/blob/main/CLAUDE.md,6,8,75.0,3,7,2,Test,Architecture; Claude/AI Integration; Deployment and Operations; System Overview; UI/UX,Build  & Run; Implementation Details
176,d-kimuson,claude-crew,https://github.com/d-kimuson/claude-crew/blob/main/CLAUDE.md,4,7,57.14,3,7,3,,Claude/AI Integration; Configuration & Environment; Debugging; Development Process,Build  & Run; Implementation Details; Test
177,Clarity-Digital-Twin,big-mood-detector,https://github.com/Clarity-Digital-Twin/big-mood-detector/blob/main/CLAUDE.md,8,11,72.73,7,7,3,Architecture; Debugging; Development Process; Performance,Claude/AI Integration; Configuration & Environment; Deployment and Operations; Implementation Details,Build  & Run; System Overview; Test
178,cloudposse,atmos,https://github.com/cloudposse/atmos/blob/main/CLAUDE.md,3,8,37.5,6,7,5,Development Process,Configuration & Environment; Deployment and Operations,Architecture; Build  & Run; Implementation Details; System Overview; Test
179,moosefs,pve-moosefs,https://github.com/moosefs/pve-moosefs/blob/main/CLAUDE.md,3,7,42.86,4,7,4,,Configuration & Environment; Documentation & References; System Overview,Build  & Run; Development Process; Implementation Details; Test
180,Medo42,Faucet-Lobby,https://github.com/Medo42/Faucet-Lobby/blob/master/CLAUDE.md,7,9,77.78,4,7,2,Build  & Run; Development Process,Architecture; Configuration & Environment; Deployment and Operations; System Overview; UI/UX,Claude/AI Integration; Implementation Details
181,serendie,serendie,https://github.com/serendie/serendie/blob/main/CLAUDE.md,4,8,50.0,5,7,4,Test,Claude/AI Integration; Configuration & Environment; Implementation Details,Architecture; Build  & Run; System Overview; UI/UX
182,ThreatFlux,githubWorkFlowChecker,https://github.com/ThreatFlux/githubWorkFlowChecker/blob/main/CLAUDE.md,7,9,77.78,4,7,2,Architecture; System Overview,Claude/AI Integration; Configuration & Environment; Development Process; Implementation Details; Security,Build  & Run; Test
183,vgijssel,setup,https://github.com/vgijssel/setup/blob/main/CLAUDE.md,5,9,55.56,6,7,4,Architecture; Maintanability,Documentation & References; Project Management; System Overview,Build  & Run; Configuration & Environment; Deployment and Operations; Implementation Details
184,waldzellai,adk-typescript,https://github.com/waldzellai/adk-typescript/blob/main/CLAUDE.md,5,8,62.5,4,7,3,Architecture,Claude/AI Integration; Configuration & Environment; Debugging; System Overview,Build  & Run; Implementation Details; Test
185,TrueCrimeAudit,ClautoHotkey,https://github.com/TrueCrimeAudit/ClautoHotkey/blob/main/CLAUDE.md,3,7,42.86,4,7,4,,Claude/AI Integration; Configuration & Environment; Test,Architecture; Development Process; Implementation Details; System Overview
186,quantified-uncertainty,roast-my-post,https://github.com/quantified-uncertainty/roast-my-post/blob/main/CLAUDE.md,5,10,50.0,8,7,5,Documentation & References; Security; Test,Claude/AI Integration; Configuration & Environment,Architecture; Build  & Run; Development Process; Implementation Details; System Overview
187,deeeed,expo-audio-stream,https://github.com/deeeed/expo-audio-stream/blob/main/CLAUDE.md,7,8,87.5,2,7,1,Architecture,Build  & Run; Claude/AI Integration; Configuration & Environment; Implementation Details; Test; UI/UX,System Overview
188,hedoluna,fft,https://github.com/hedoluna/fft/blob/main/CLAUDE.md,3,9,33.33,8,7,6,Debugging; Deployment and Operations,Claude/AI Integration,Architecture; Build  & Run; Implementation Details; Performance; System Overview; Test
189,syntaxfm,website,https://github.com/syntaxfm/website/blob/main/CLAUDE.md,4,9,44.44,7,7,5,Development Process; UI/UX,Claude/AI Integration; Configuration & Environment,Architecture; Build  & Run; Implementation Details; System Overview; Test
190,pedramamini,RewindMCP,https://github.com/pedramamini/RewindMCP/blob/main/CLAUDE.md,4,9,44.44,7,7,5,Build  & Run; Development Process,Claude/AI Integration; Deployment and Operations,Architecture; Configuration & Environment; Implementation Details; System Overview; Test
191,anyproto,anytype-raycast,https://github.com/anyproto/anytype-raycast/blob/main/CLAUDE.md,3,7,42.86,4,7,4,,Claude/AI Integration; Configuration & Environment; System Overview,Architecture; Build  & Run; Implementation Details; Test
192,promptfoo,promptfoo,https://github.com/promptfoo/promptfoo/blob/main/CLAUDE.md,6,8,75.0,3,7,2,Architecture,Configuration & Environment; Development Process; Implementation Details; System Overview; Test,Build  & Run; Claude/AI Integration
193,ruvnet,claude-flow,https://github.com/ruvnet/claude-flow/blob/main/CLAUDE.md,5,9,55.56,6,7,4,Development Process; Documentation & References,Architecture; Performance; Project Management,Build  & Run; Claude/AI Integration; Implementation Details; System Overview
194,hivesolutions,appier,https://github.com/hivesolutions/appier/blob/master/CLAUDE.md,6,9,66.67,5,7,3,Maintanability; Test,Build  & Run; Claude/AI Integration; Documentation & References; System Overview,Architecture; Configuration & Environment; Implementation Details
195,avalan-ai,avalan,https://github.com/avalan-ai/avalan/blob/main/CLAUDE.md,5,8,62.5,4,7,3,Development Process,Claude/AI Integration; Configuration & Environment; Implementation Details; Performance,Architecture; Build  & Run; Test
196,shopware,shopware-cli,https://github.com/shopware/shopware-cli/blob/main/CLAUDE.md,7,10,70.0,6,7,3,Architecture; Debugging; Development Process,Claude/AI Integration; Implementation Details; Project Management; System Overview,Build  & Run; Configuration & Environment; Test
197,nyvyn,helpful.computer,https://github.com/nyvyn/helpful.computer/blob/main/CLAUDE.md,2,8,25.0,7,7,6,Development Process,Claude/AI Integration,Architecture; Build  & Run; Configuration & Environment; Implementation Details; System Overview; Test
198,cablehead,http-nu,https://github.com/cablehead/http-nu/blob/main/CLAUDE.md,6,8,75.0,3,7,2,Maintanability,Build  & Run; Claude/AI Integration; Debugging; Implementation Details; Test,Deployment and Operations; Development Process
199,reown-com,blockchain-api,https://github.com/reown-com/blockchain-api/blob/main/CLAUDE.md,2,7,28.57,5,7,5,,Claude/AI Integration; Implementation Details,Architecture; Build  & Run; Configuration & Environment; System Overview; Test
200,pathintegral-institute,mcpm.sh,https://github.com/pathintegral-institute/mcpm.sh/blob/main/CLAUDE.md,6,8,75.0,3,7,2,Configuration & Environment,Build  & Run; Claude/AI Integration; Project Management; System Overview; Test,Development Process; Implementation Details
201,Data-Simply,pyretailscience,https://github.com/Data-Simply/pyretailscience/blob/main/CLAUDE.md,4,7,57.14,3,7,3,,Architecture; Development Process; Documentation & References; System Overview,Build  & Run; Implementation Details; Test
202,GaloyMoney,lana-bank,https://github.com/GaloyMoney/lana-bank/blob/main/CLAUDE.md,4,7,57.14,3,7,3,,Architecture; Debugging; System Overview; UI/UX,Build  & Run; Implementation Details; Test
203,deref,transcript,https://github.com/deref/transcript/blob/main/CLAUDE.md,3,6,50.0,3,6,3,,Implementation Details; Project Management; System Overview,Build  & Run; Documentation & References; Test
204,xlnfinance,xln,https://github.com/xlnfinance/xln/blob/main/CLAUDE.md,4,10,40.0,9,7,6,Claude/AI Integration; Performance; Security,Configuration & Environment,Architecture; Build  & Run; Debugging; Implementation Details; System Overview; Test
205,antimetal,system-agent,https://github.com/antimetal/system-agent/blob/main/CLAUDE.md,8,13,61.54,11,7,5,Architecture; Configuration & Environment; Debugging; Documentation & References; Security; System Overview,Deployment and Operations; Implementation Details,Build  & Run; Claude/AI Integration; Development Process; Performance; Test
206,0x-j,aptos-full-stack-template,https://github.com/0x-j/aptos-full-stack-template/blob/main/CLAUDE.md,6,9,66.67,5,7,3,Development Process; Test,Build  & Run; Deployment and Operations; Implementation Details; UI/UX,Architecture; Configuration & Environment; System Overview
207,ithacaxyz,account,https://github.com/ithacaxyz/account/blob/main/CLAUDE.md,8,11,72.73,7,7,3,Claude/AI Integration; Configuration & Environment; Debugging; Security,Architecture; Development Process; Project Management; System Overview,Build  & Run; Implementation Details; Test
208,Azure,fleet,https://github.com/Azure/fleet/blob/main/CLAUDE.md,3,8,37.5,6,7,5,Development Process,Claude/AI Integration; Deployment and Operations,Architecture; Build  & Run; Implementation Details; System Overview; Test
209,ktaka-ccmp,oauth2-passkey,https://github.com/ktaka-ccmp/oauth2-passkey/blob/master/CLAUDE.md,3,8,37.5,6,7,5,Development Process,Claude/AI Integration; Configuration & Environment,Architecture; Build  & Run; Implementation Details; System Overview; Test
210,twentyhq,twenty,https://github.com/twentyhq/twenty/blob/main/CLAUDE.md,3,8,37.5,6,7,5,Development Process,Configuration & Environment; Deployment and Operations,Architecture; Build  & Run; Implementation Details; System Overview; Test
211,alchemiststudiosDOTai,tinyAgent,https://github.com/alchemiststudiosDOTai/tinyAgent/blob/master/CLAUDE.md,3,9,33.33,8,7,6,Configuration & Environment; Debugging,System Overview,Architecture; Build  & Run; Claude/AI Integration; Development Process; Implementation Details; Test
212,johnlindquist,get-rules,https://github.com/johnlindquist/get-rules/blob/main/CLAUDE.md,3,8,37.5,6,7,5,Test,Claude/AI Integration; Configuration & Environment,Architecture; Build  & Run; Deployment and Operations; Implementation Details; System Overview
213,OpenCut-app,OpenCut,https://github.com/OpenCut-app/OpenCut/blob/main/CLAUDE.md,3,8,37.5,6,7,5,Development Process,Project Management; UI/UX,Architecture; Build  & Run; Configuration & Environment; Implementation Details; System Overview
214,shunkakinoki,dotfiles,https://github.com/shunkakinoki/dotfiles/blob/main/CLAUDE.md,6,11,54.55,9,7,5,Architecture; Deployment and Operations; Documentation & References; Test,Claude/AI Integration; Project Management,Build  & Run; Configuration & Environment; Development Process; Implementation Details; System Overview
215,invokable,laravel-bluesky,https://github.com/invokable/laravel-bluesky/blob/main/CLAUDE.md,4,9,44.44,7,7,5,Debugging; Test,Claude/AI Integration; Security,Architecture; Build  & Run; Configuration & Environment; Implementation Details; System Overview
216,alestic,abc,https://github.com/alestic/abc/blob/main/CLAUDE.md,2,7,28.57,5,7,5,,Claude/AI Integration; Configuration & Environment,Architecture; Build  & Run; Implementation Details; System Overview; Test
217,jdx,mise,https://github.com/jdx/mise/blob/main/CLAUDE.md,3,9,33.33,8,7,6,Debugging; Documentation & References,Project Management,Architecture; Build  & Run; Configuration & Environment; Development Process; Implementation Details; Test
218,Nantero1,ai-first-devops-toolkit,https://github.com/Nantero1/ai-first-devops-toolkit/blob/main/CLAUDE.md,4,9,44.44,7,7,5,Documentation & References; System Overview,Claude/AI Integration; Configuration & Environment,Architecture; Build  & Run; Deployment and Operations; Implementation Details; Test
219,pomerium,mcp-app-demo,https://github.com/pomerium/mcp-app-demo/blob/main/CLAUDE.md,3,8,37.5,6,7,5,Test,Deployment and Operations; UI/UX,Architecture; Build  & Run; Configuration & Environment; Implementation Details; System Overview
220,juanibiapina,dotfiles,https://github.com/juanibiapina/dotfiles/blob/main/CLAUDE.md,3,7,42.86,4,7,4,,Build  & Run; Claude/AI Integration; Implementation Details,Architecture; Configuration & Environment; Development Process; System Overview
221,ubie-oss,slack-mcp-server,https://github.com/ubie-oss/slack-mcp-server/blob/main/CLAUDE.md,3,8,37.5,6,7,5,Test,Claude/AI Integration; Documentation & References,Architecture; Build  & Run; Configuration & Environment; Implementation Details; System Overview
222,jakub-k-slys,substack-api,https://github.com/jakub-k-slys/substack-api/blob/main/CLAUDE.md,5,8,62.5,4,7,3,Development Process,Claude/AI Integration; Documentation & References; Implementation Details; System Overview,Architecture; Build  & Run; Test
223,kesslerio,attio-mcp-server,https://github.com/kesslerio/attio-mcp-server/blob/main/CLAUDE.md,4,9,44.44,7,7,5,Deployment and Operations; Documentation & References,Build  & Run; Implementation Details,Claude/AI Integration; Debugging; Development Process; System Overview; Test
224,blokadaorg,blokada,https://github.com/blokadaorg/blokada/blob/main/CLAUDE.md,5,9,55.56,6,7,4,Architecture; Development Process,Configuration & Environment; Debugging; Deployment and Operations,Build  & Run; Implementation Details; System Overview; Test
225,kajidog,mcp-tts-voicevox,https://github.com/kajidog/mcp-tts-voicevox/blob/main/CLAUDE.md,4,9,44.44,7,7,5,Development Process; Test,Claude/AI Integration; Deployment and Operations,Architecture; Build  & Run; Configuration & Environment; Implementation Details; System Overview
226,buster-so,buster,https://github.com/buster-so/buster/blob/main/CLAUDE.md,2,8,25.0,7,7,6,Development Process,System Overview,Architecture; Build  & Run; Claude/AI Integration; Configuration & Environment; Implementation Details; Test
227,dailydotdev,apps,https://github.com/dailydotdev/apps/blob/main/CLAUDE.md,3,8,37.5,6,7,5,Documentation & References,Configuration & Environment; UI/UX,Architecture; Build  & Run; Implementation Details; System Overview; Test
228,malgo-lang,malgo,https://github.com/malgo-lang/malgo/blob/master/CLAUDE.md,4,8,50.0,5,7,4,Development Process,Configuration & Environment; Implementation Details; System Overview,Architecture; Build  & Run; Debugging; Test
229,bbuchsbaum,bidser,https://github.com/bbuchsbaum/bidser/blob/master/CLAUDE.md,7,10,70.0,6,7,3,Configuration & Environment; Development Process; Documentation & References,Claude/AI Integration; Implementation Details; Project Management; System Overview,Architecture; Build  & Run; Test
230,umputun,spot,https://github.com/umputun/spot/blob/master/CLAUDE.md,4,9,44.44,7,7,5,Architecture; System Overview,Claude/AI Integration; Configuration & Environment,Build  & Run; Debugging; Development Process; Implementation Details; Test
231,SoftFever,OrcaSlicer,https://github.com/SoftFever/OrcaSlicer/blob/main/CLAUDE.md,3,8,37.5,6,7,5,Development Process,Configuration & Environment; Performance,Architecture; Build  & Run; Implementation Details; System Overview; Test
232,getsentry,sentry-java,https://github.com/getsentry/sentry-java/blob/main/CLAUDE.md,1,8,12.5,8,7,7,Documentation & References,,Architecture; Build  & Run; Claude/AI Integration; Development Process; Implementation Details; System Overview; Test
233,SAIB-Inc,Chrysalis,https://github.com/SAIB-Inc/Chrysalis/blob/main/CLAUDE.md,4,9,44.44,7,7,5,Architecture; Development Process,Claude/AI Integration; Project Management,Build  & Run; Implementation Details; Performance; System Overview; Test
234,ivangrynenko,cursorrules,https://github.com/ivangrynenko/cursorrules/blob/main/CLAUDE.md,8,11,72.73,7,7,3,Claude/AI Integration; Debugging; Security; System Overview,Build  & Run; Documentation & References; Implementation Details; UI/UX,Architecture; Deployment and Operations; Test
235,bluzky,prana,https://github.com/bluzky/prana/blob/main/CLAUDE.md,5,10,50.0,8,7,5,Build  & Run; Project Management; System Overview,Claude/AI Integration; Configuration & Environment,Architecture; Development Process; Documentation & References; Implementation Details; Test
236,jameshiew,infinigen,https://github.com/jameshiew/infinigen/blob/main/CLAUDE.md,4,9,44.44,7,7,5,Architecture; Performance,Claude/AI Integration; Project Management,Build  & Run; Configuration & Environment; Implementation Details; System Overview; Test
237,PolicyEngine,microdf,https://github.com/PolicyEngine/microdf/blob/master/CLAUDE.md,3,8,37.5,6,7,5,Deployment and Operations,Build  & Run; Debugging,Configuration & Environment; Development Process; Documentation & References; Implementation Details; Test
238,mixpanel,mixpanel-android,https://github.com/mixpanel/mixpanel-android/blob/master/.github/copilot-instructions.md,3,7,42.86,4,7,4,,Claude/AI Integration; Configuration & Environment; Deployment and Operations,Architecture; Implementation Details; System Overview; Test
239,Forneck,vitalia-reborn,https://github.com/Forneck/vitalia-reborn/blob/master/.github/copilot-instructions.md,4,8,50.0,5,7,4,Configuration & Environment,Build  & Run; Documentation & References; Project Management,Architecture; Development Process; Implementation Details; System Overview
240,microsoft,Qcodes,https://github.com/microsoft/Qcodes/blob/main/.github/copilot-instructions.md,3,7,42.86,4,7,4,,Build  & Run; Claude/AI Integration; Implementation Details,Development Process; Documentation & References; System Overview; Test
241,Nugine,const-str,https://github.com/Nugine/const-str/blob/main/.github/copilot-instructions.md,5,10,50.0,8,7,5,Architecture; Claude/AI Integration; Development Process,Deployment and Operations; Documentation & References,Build  & Run; Configuration & Environment; Implementation Details; System Overview; Test
242,CSUSTers,csust-got,https://github.com/CSUSTers/csust-got/blob/master/.github/copilot-instructions.md,2,7,28.57,5,7,5,,Configuration & Environment; Implementation Details,Architecture; Build  & Run; Development Process; System Overview; Test
243,mhackermsft,BlazorAIChat,https://github.com/mhackermsft/BlazorAIChat/blob/master/.github/copilot-instructions.md,5,8,62.5,4,7,3,Maintanability,Deployment and Operations; Documentation & References; Implementation Details; Project Management,Architecture; Claude/AI Integration; System Overview
244,doggy8088,vscode-pangu2,https://github.com/doggy8088/vscode-pangu2/blob/main/.github/copilot-instructions.md,6,10,60.0,7,7,4,Architecture; Debugging; System Overview,Deployment and Operations; Documentation & References; Implementation Details,Build  & Run; Configuration & Environment; Development Process; Test
245,Azure,fleet,https://github.com/Azure/fleet/blob/main/.github/copilot-instructions.md,2,7,28.57,5,7,5,,Claude/AI Integration; Project Management,Architecture; Documentation & References; Implementation Details; System Overview; Test
246,kkweon,butler,https://github.com/kkweon/butler/blob/master/.github/copilot-instructions.md,5,8,62.5,4,7,3,Development Process,Build  & Run; Project Management; System Overview; UI/UX,Architecture; Implementation Details; Test
247,microsoft,AzureTRE,https://github.com/microsoft/AzureTRE/blob/main/.github/copilot-instructions.md,1,7,14.29,6,7,6,,Claude/AI Integration,Architecture; Configuration & Environment; Deployment and Operations; Documentation & References; Implementation Details; System Overview
248,yinzhenyu-su,weekly-git-summary,https://github.com/yinzhenyu-su/weekly-git-summary/blob/main/.github/copilot-instructions.md,6,11,54.55,9,7,5,Architecture; Configuration & Environment; Debugging; Performance,Claude/AI Integration; UI/UX,Build  & Run; Deployment and Operations; Development Process; System Overview; Test
249,Azure,terraform-azurerm-avm-ptn-alz-management,https://github.com/Azure/terraform-azurerm-avm-ptn-alz-management/blob/main/.github/copilot-instructions.md,3,8,37.5,6,7,5,Debugging,Documentation & References; Security,Architecture; Deployment and Operations; Development Process; Implementation Details; System Overview
250,FBartos,RoBMA,https://github.com/FBartos/RoBMA/blob/master/.github/copilot-instructions.md,6,7,85.71,1,7,1,,Architecture; Build  & Run; Configuration & Environment; Documentation & References; System Overview; Test,Implementation Details
251,luno,luno-mcp,https://github.com/luno/luno-mcp/blob/main/.github/copilot-instructions.md,7,10,70.0,6,7,3,Development Process; Documentation & References; Security,Claude/AI Integration; Debugging; Deployment and Operations; System Overview,Architecture; Implementation Details; Test
252,timrogers,litra-rs,https://github.com/timrogers/litra-rs/blob/main/.github/copilot-instructions.md,4,8,50.0,5,7,4,Claude/AI Integration,Development Process; Implementation Details; Project Management,Build  & Run; Configuration & Environment; System Overview; Test
253,dotnet,dotnet-docker,https://github.com/dotnet/dotnet-docker/blob/main/.github/copilot-instructions.md,3,7,42.86,4,7,4,,Architecture; Claude/AI Integration; Configuration & Environment,Build  & Run; Documentation & References; Implementation Details; Test
254,JMBeresford,retrom,https://github.com/JMBeresford/retrom/blob/main/.github/copilot-instructions.md,4,7,57.14,3,7,3,,Build  & Run; Configuration & Environment; Implementation Details; UI/UX,Architecture; Development Process; System Overview
255,openfoodfacts,smooth-app,https://github.com/openfoodfacts/smooth-app/blob/master/.github/copilot-instructions.md,5,11,45.45,10,7,6,Architecture; Debugging; Performance; System Overview,Implementation Details,Build  & Run; Configuration & Environment; Deployment and Operations; Development Process; Documentation & References; Test
256,SwitchbackTech,compass,https://github.com/SwitchbackTech/compass/blob/main/.github/copilot-instructions.md,1,1,100.0,1,0,0,Documentation & References,,
257,asgardeo,thunder,https://github.com/asgardeo/thunder/blob/main/.github/copilot-instructions.md,4,8,50.0,5,7,4,Documentation & References,Build  & Run; Claude/AI Integration; Debugging,Architecture; Implementation Details; System Overview; Test
258,FidelusAleksander,ghcertified,https://github.com/FidelusAleksander/ghcertified/blob/master/.github/copilot-instructions.md,5,8,62.5,4,7,3,Build  & Run,Configuration & Environment; Development Process; Documentation & References; Implementation Details,Architecture; System Overview; UI/UX
259,IntelliTect,EssentialCSharp.Web,https://github.com/IntelliTect/EssentialCSharp.Web/blob/main/.github/copilot-instructions.md,6,11,54.55,9,7,5,Development Process; Performance; Project Management; Test,Claude/AI Integration; Implementation Details,Architecture; Build  & Run; Configuration & Environment; Security; System Overview
260,camunda,camunda,https://github.com/camunda/camunda/blob/main/.github/copilot-instructions.md,2,8,25.0,7,7,6,Security,Claude/AI Integration,Build  & Run; Development Process; Documentation & References; Implementation Details; System Overview; Test
261,dotnet,docs,https://github.com/dotnet/docs/blob/main/.github/copilot-instructions.md,5,8,62.5,4,7,3,Development Process,Architecture; Build  & Run; Project Management; System Overview,Claude/AI Integration; Documentation & References; Implementation Details
262,GH-Event-Demos,gitvision-workshop,https://github.com/GH-Event-Demos/gitvision-workshop/blob/main/.github/copilot-instructions.md,3,8,37.5,6,7,5,Security,Configuration & Environment; Debugging,Architecture; Claude/AI Integration; Implementation Details; System Overview; Test
263,adamsilverstein,wp-performance-wizard,https://github.com/adamsilverstein/wp-performance-wizard/blob/main/.github/copilot-instructions.md,2,3,66.67,1,3,1,,Implementation Details; Security,Documentation & References
264,microsoft,vscode-docs,https://github.com/microsoft/vscode-docs/blob/main/.github/copilot-instructions.md,1,2,50.0,1,2,1,,Implementation Details,Documentation & References
265,PlagueHO,foundryvtt-azure,https://github.com/PlagueHO/foundryvtt-azure/blob/main/.github/copilot-instructions.md,6,9,66.67,5,7,3,Development Process; Documentation & References,Configuration & Environment; Debugging; Deployment and Operations; System Overview,Architecture; Build  & Run; Implementation Details
266,invokable,laravel-line-sdk,https://github.com/invokable/laravel-line-sdk/blob/main/.github/copilot-instructions.md,5,10,50.0,8,7,5,Build  & Run; Development Process; Test,Claude/AI Integration; Security,Architecture; Configuration & Environment; Documentation & References; Implementation Details; System Overview
267,dotnet,docs-aspire,https://github.com/dotnet/docs-aspire/blob/main/.github/copilot-instructions.md,4,7,57.14,3,7,3,,Architecture; Configuration & Environment; Security; System Overview,Claude/AI Integration; Documentation & References; Implementation Details
268,philips-software,roslyn-analyzers,https://github.com/philips-software/roslyn-analyzers/blob/main/.github/copilot-instructions.md,9,12,75.0,8,7,3,Architecture; Claude/AI Integration; Debugging; Performance; System Overview,Configuration & Environment; Deployment and Operations; Documentation & References; Test,Build  & Run; Development Process; Implementation Details
269,xability,maidr,https://github.com/xability/maidr/blob/main/.github/copilot-instructions.md,5,8,62.5,4,7,3,Development Process,Build  & Run; Claude/AI Integration; Maintanability; UI/UX,Architecture; Implementation Details; System Overview
270,triggerdotdev,trigger.dev,https://github.com/triggerdotdev/trigger.dev/blob/main/.github/copilot-instructions.md,3,5,60.0,2,5,2,,Architecture; Claude/AI Integration; Configuration & Environment,Implementation Details; System Overview
271,srbhr,Resume-Matcher,https://github.com/srbhr/Resume-Matcher/blob/main/.github/copilot-instructions.md,4,10,40.0,9,7,6,Deployment and Operations; Development Process; Security,UI/UX,Architecture; Claude/AI Integration; Configuration & Environment; Implementation Details; System Overview; Test
272,carlocardella,vscode-TextToolbox,https://github.com/carlocardella/vscode-TextToolbox/blob/master/.github/copilot-instructions.md,7,10,70.0,6,7,3,Claude/AI Integration; Deployment and Operations; Maintanability,Build  & Run; Configuration & Environment; Implementation Details; Test,Development Process; Documentation & References; System Overview
273,microsoft,typespec,https://github.com/microsoft/typespec/blob/main/.github/copilot-instructions.md,7,12,58.33,10,7,5,Debugging; Development Process; Maintanability; Performance; Project Management,Claude/AI Integration; Implementation Details,Architecture; Build  & Run; Configuration & Environment; System Overview; Test
274,Catfriend1,syncthing-lite,https://github.com/Catfriend1/syncthing-lite/blob/main/.github/copilot-instructions.md,5,7,71.43,3,6,2,Architecture,Build  & Run; Configuration & Environment; Debugging; Deployment and Operations,Claude/AI Integration; Implementation Details
275,aborruso,scrape-cli,https://github.com/aborruso/scrape-cli/blob/master/.github/copilot-instructions.md,8,10,80.0,5,7,2,Architecture; Claude/AI Integration; Development Process,Build  & Run; Configuration & Environment; Documentation & References; Test; UI/UX,Implementation Details; System Overview
276,microsoft,FluidFramework,https://github.com/microsoft/FluidFramework/blob/main/.github/copilot-instructions.md,1,1,100.0,1,0,0,Implementation Details,,
277,microsoft,mcp,https://github.com/microsoft/mcp/blob/main/.github/copilot-instructions.md,5,7,71.43,2,7,2,,Build  & Run; Claude/AI Integration; Configuration & Environment; Documentation & References; Test,Development Process; Implementation Details
278,meza,minecraft-mod-manager,https://github.com/meza/minecraft-mod-manager/blob/main/.github/copilot-instructions.md,5,9,55.56,6,7,4,Documentation & References; Maintanability,Build  & Run; Debugging; Implementation Details,Configuration & Environment; Development Process; System Overview; Test
279,RyanCavanaugh,TypeScript,https://github.com/RyanCavanaugh/TypeScript/blob/main/.github/copilot-instructions.md,5,9,55.56,6,7,4,Architecture; Claude/AI Integration,Debugging; Documentation & References; Implementation Details,Build  & Run; Development Process; System Overview; Test
280,petitstrawberry,Scarlet,https://github.com/petitstrawberry/Scarlet/blob/main/.github/copilot-instructions.md,2,7,28.57,5,7,5,,Configuration & Environment; Documentation & References,Build  & Run; Development Process; Implementation Details; System Overview; Test
281,aavetis,ui-prototyper,https://github.com/aavetis/ui-prototyper/blob/main/.github/copilot-instructions.md,6,8,75.0,3,7,2,Claude/AI Integration,Architecture; Build  & Run; Configuration & Environment; Documentation & References; System Overview,Implementation Details; UI/UX
282,ScrumGuides,ScrumGuide-ExpansionPack,https://github.com/ScrumGuides/ScrumGuide-ExpansionPack/blob/main/.github/copilot-instructions.md,5,11,45.45,10,7,6,Build  & Run; Development Process; Documentation & References; Performance,Project Management,Architecture; Configuration & Environment; Deployment and Operations; Implementation Details; System Overview; UI/UX
283,ocordova,cordova.me,https://github.com/ocordova/cordova.me/blob/master/.github/copilot-instructions.md,3,9,33.33,8,7,6,Claude/AI Integration; Performance,UI/UX,Architecture; Configuration & Environment; Debugging; Implementation Details; System Overview; Test
284,ublue-os,bluefin-docs,https://github.com/ublue-os/bluefin-docs/blob/main/.github/copilot-instructions.md,7,11,63.64,8,7,4,Claude/AI Integration; Debugging; System Overview; Test,Configuration & Environment; Deployment and Operations; Development Process,Architecture; Build  & Run; Documentation & References; Implementation Details
285,mysql-net,MySqlConnector,https://github.com/mysql-net/MySqlConnector/blob/master/.github/copilot-instructions.md,5,8,62.5,4,7,3,System Overview,Architecture; Claude/AI Integration; Configuration & Environment; Documentation & References,Implementation Details; Performance; Test
286,autoguru-au,overdrive,https://github.com/autoguru-au/overdrive/blob/main/.github/copilot-instructions.md,5,9,55.56,6,7,4,Maintanability; Performance,Build  & Run; Debugging; System Overview,Architecture; Documentation & References; Implementation Details; UI/UX
287,microsoft,onnxruntime-genai,https://github.com/microsoft/onnxruntime-genai/blob/main/.github/copilot-instructions.md,2,8,25.0,7,7,6,System Overview,Claude/AI Integration,Architecture; Build  & Run; Configuration & Environment; Implementation Details; Performance; Test
288,krissen,polleninformation,https://github.com/krissen/polleninformation/blob/master/.github/copilot-instructions.md,5,10,50.0,8,7,5,Debugging; Development Process; Implementation Details,Claude/AI Integration; Documentation & References,Architecture; Build  & Run; Configuration & Environment; System Overview; Test
289,timmo001,system-bridge,https://github.com/timmo001/system-bridge/blob/master/.github/copilot-instructions.md,4,4,100.0,1,3,0,Documentation & References,Claude/AI Integration; Implementation Details; Test,
290,catalystneuro,neuroconv,https://github.com/catalystneuro/neuroconv/blob/main/.github/copilot-instructions.md,4,7,57.14,3,7,3,,Build  & Run; Debugging; Implementation Details; Test,Configuration & Environment; Development Process; Documentation & References
291,BrighterCommand,Brighter,https://github.com/BrighterCommand/Brighter/blob/master/.github/copilot-instructions.md,6,7,85.71,1,7,1,,Architecture; Build  & Run; Implementation Details; Project Management; System Overview; Test,Documentation & References
292,GrantBirki,json-yaml-validate,https://github.com/GrantBirki/json-yaml-validate/blob/main/.github/copilot-instructions.md,5,9,55.56,6,7,4,Architecture; Claude/AI Integration,Maintanability; Project Management; System Overview,Build  & Run; Development Process; Implementation Details; Test
293,ublue-os,packages,https://github.com/ublue-os/packages/blob/main/.github/copilot-instructions.md,8,12,66.67,9,7,4,Architecture; Debugging; Project Management; Security; System Overview,Configuration & Environment; Development Process; Documentation & References,Build  & Run; Deployment and Operations; Implementation Details; Test
294,saebyn,glowing-telegram,https://github.com/saebyn/glowing-telegram/blob/main/.github/copilot-instructions.md,6,9,66.67,5,7,3,Architecture; Development Process,Claude/AI Integration; Configuration & Environment; Deployment and Operations; System Overview,Build  & Run; Implementation Details; Test
295,Saksham-Goel1107,Dionysus,https://github.com/Saksham-Goel1107/Dionysus/blob/main/.github/copilot-instructions.md,4,9,44.44,7,7,5,Debugging; Test,Deployment and Operations; Implementation Details,Architecture; Build  & Run; Configuration & Environment; Development Process; System Overview
296,braze-inc,braze-docs,https://github.com/braze-inc/braze-docs/blob/main/.github/copilot-instructions.md,4,7,57.14,3,7,3,,Documentation & References; Project Management; System Overview; Test,Claude/AI Integration; Development Process; Implementation Details
297,remotion-dev,remotion,https://github.com/remotion-dev/remotion/blob/main/.github/copilot-instructions.md,5,8,62.5,4,7,3,Architecture,Implementation Details; Project Management; System Overview; Test,Build  & Run; Development Process; Documentation & References
298,doggy8088,github-copilot-configs,https://github.com/doggy8088/github-copilot-configs/blob/main/.github/copilot-instructions.md,6,7,85.71,1,7,1,,Configuration & Environment; Development Process; Documentation & References; System Overview; Test; UI/UX,Implementation Details
299,tfausak,cabal-gild,https://github.com/tfausak/cabal-gild/blob/main/.github/copilot-instructions.md,4,7,57.14,3,7,3,,Configuration & Environment; Implementation Details; Project Management; System Overview,Build  & Run; Development Process; Test
300,spadrapo,drapo,https://github.com/spadrapo/drapo/blob/master/.github/copilot-instructions.md,6,10,60.0,7,7,4,Architecture; Claude/AI Integration; Development Process,Deployment and Operations; Project Management; UI/UX,Build  & Run; Implementation Details; System Overview; Test
301,keepassxreboot,keepassxc,https://github.com/keepassxreboot/keepassxc/blob/master/.github/copilot-instructions.md,4,8,50.0,5,7,4,Development Process,Claude/AI Integration; Configuration & Environment; Implementation Details,Architecture; Build  & Run; System Overview; Test
302,wagtail,sphinx-wagtail-theme,https://github.com/wagtail/sphinx-wagtail-theme/blob/main/.github/copilot-instructions.md,8,8,100.0,1,7,0,Claude/AI Integration,Architecture; Documentation & References; Implementation Details; Project Management; System Overview; Test; UI/UX,
303,PlagueHO,foundryvtt-azure,https://github.com/PlagueHO/foundryvtt-azure/blob/main/.github/copilot-instructions.md,5,9,55.56,6,7,4,Claude/AI Integration; Documentation & References,Configuration & Environment; Debugging; System Overview,Architecture; Build  & Run; Deployment and Operations; Implementation Details
304,MicrosoftDocs,azure-devops-docs,https://github.com/MicrosoftDocs/azure-devops-docs/blob/master/.github/copilot-instructions.md,3,3,100.0,1,2,0,Documentation & References,Deployment and Operations; Implementation Details,
305,Pipelex,pipelex-cookbook,https://github.com/Pipelex/pipelex-cookbook/blob/main/.github/copilot-instructions.md,4,7,57.14,3,7,3,,Build  & Run; Configuration & Environment; Deployment and Operations; Documentation & References,Claude/AI Integration; Implementation Details; System Overview
306,microsoft,mcp,https://github.com/microsoft/mcp/blob/main/.github/copilot-instructions.md,5,7,71.43,2,7,2,,Build  & Run; Claude/AI Integration; Configuration & Environment; Documentation & References; Test,Development Process; Implementation Details
307,Shelter-Partner,ShelterPartner,https://github.com/Shelter-Partner/ShelterPartner/blob/main/.github/copilot-instructions.md,3,8,37.5,6,7,5,Development Process,Deployment and Operations; UI/UX,Architecture; Build  & Run; Implementation Details; System Overview; Test
308,FBartos,RoBMA,https://github.com/FBartos/RoBMA/blob/master/.github/copilot-instructions.md,5,7,71.43,2,7,2,,Architecture; Build  & Run; Configuration & Environment; Documentation & References; Test,Implementation Details; System Overview
309,zwave-js,zwave-js,https://github.com/zwave-js/zwave-js/blob/master/.github/copilot-instructions.md,4,8,50.0,5,7,4,Architecture,Claude/AI Integration; Configuration & Environment; System Overview,Build  & Run; Development Process; Implementation Details; Test
310,PrismarineJS,minecraft-data,https://github.com/PrismarineJS/minecraft-data/blob/master/.github/copilot-instructions.md,6,9,66.67,5,7,3,Architecture; Development Process,Claude/AI Integration; Configuration & Environment; Deployment and Operations; Documentation & References,Build  & Run; Implementation Details; System Overview
311,TimBeyer,node-dlx,https://github.com/TimBeyer/node-dlx/blob/master/.github/copilot-instructions.md,4,7,57.14,3,7,3,,Claude/AI Integration; Deployment and Operations; Implementation Details; System Overview,Development Process; Performance; Test
312,aavetis,ui-prototyper,https://github.com/aavetis/ui-prototyper/blob/main/.github/copilot-instructions.md,6,8,75.0,3,7,2,Claude/AI Integration,Architecture; Build  & Run; Configuration & Environment; Documentation & References; System Overview,Implementation Details; UI/UX
313,dotnet,msbuild,https://github.com/dotnet/msbuild/blob/main/.github/copilot-instructions.md,7,10,70.0,6,7,3,Architecture; Debugging; Development Process,Claude/AI Integration; Configuration & Environment; Implementation Details; Project Management,Build  & Run; System Overview; Test
314,christianhelle,apiclientcodegen,https://github.com/christianhelle/apiclientcodegen/blob/master/.github/copilot-instructions.md,5,9,55.56,6,7,4,Architecture; Development Process,Claude/AI Integration; Deployment and Operations; Implementation Details,Build  & Run; Configuration & Environment; System Overview; Test
315,zauberzeug,nicegui,https://github.com/zauberzeug/nicegui/blob/main/.github/copilot-instructions.md,5,6,83.33,1,6,1,,Claude/AI Integration; Development Process; Implementation Details; Project Management; System Overview,Documentation & References
316,MaxKorlaar,hypixel-signatures,https://github.com/MaxKorlaar/hypixel-signatures/blob/main/.github/copilot-instructions.md,2,8,25.0,7,7,6,Claude/AI Integration,Build  & Run,Architecture; Configuration & Environment; Documentation & References; Implementation Details; System Overview; Test
317,versia-pub,server,https://github.com/versia-pub/server/blob/main/.github/copilot-instructions.md,4,7,57.14,3,7,3,,Build  & Run; Claude/AI Integration; Deployment and Operations; Test,Architecture; Implementation Details; System Overview
318,risingwavelabs,risingwave,https://github.com/risingwavelabs/risingwave/blob/main/.github/copilot-instructions.md,3,9,33.33,8,7,6,Architecture; Development Process,Deployment and Operations,Build  & Run; Configuration & Environment; Documentation & References; Implementation Details; System Overview; Test
319,dotnet,java-interop,https://github.com/dotnet/java-interop/blob/main/.github/copilot-instructions.md,2,8,25.0,7,7,6,Debugging,Claude/AI Integration,Architecture; Build  & Run; Configuration & Environment; Documentation & References; Implementation Details; System Overview
320,TECH7Fox,asterisk-hass-integration,https://github.com/TECH7Fox/asterisk-hass-integration/blob/main/.github/copilot-instructions.md,6,10,60.0,7,7,4,Debugging; Development Process; Project Management,Build  & Run; Claude/AI Integration; Implementation Details,Architecture; Configuration & Environment; System Overview; Test
321,digitarald,vscode-agent-todos,https://github.com/digitarald/vscode-agent-todos/blob/main/.github/copilot-instructions.md,4,8,50.0,5,7,4,Security,Claude/AI Integration; Configuration & Environment; Deployment and Operations,Architecture; Implementation Details; System Overview; Test
322,mysql-net,MySqlConnector,https://github.com/mysql-net/MySqlConnector/blob/master/.github/copilot-instructions.md,5,8,62.5,4,7,3,System Overview,Architecture; Claude/AI Integration; Configuration & Environment; Documentation & References,Implementation Details; Performance; Test
323,ArduPilot,MethodicConfigurator,https://github.com/ArduPilot/MethodicConfigurator/blob/master/.github/copilot-instructions.md,4,8,50.0,5,7,4,Documentation & References,Build  & Run; Configuration & Environment; Project Management,Architecture; Implementation Details; System Overview; Test
324,microsoft,react-native-windows,https://github.com/microsoft/react-native-windows/blob/main/.github/copilot-instructions.md,5,10,50.0,8,7,5,Documentation & References; Performance; Test,Configuration & Environment; UI/UX,Architecture; Build  & Run; Development Process; Implementation Details; System Overview
325,james-gould,azure-keyvault-emulator,https://github.com/james-gould/azure-keyvault-emulator/blob/master/.github/copilot-instructions.md,6,10,60.0,7,7,4,Architecture; Debugging; Development Process,Claude/AI Integration; Deployment and Operations; Security,Build  & Run; Configuration & Environment; System Overview; Test
326,owid,owid-grapher,https://github.com/owid/owid-grapher/blob/master/.github/copilot-instructions.md,1,1,100.0,1,0,0,Documentation & References,,
327,malgo-lang,malgo,https://github.com/malgo-lang/malgo/blob/master/.github/copilot-instructions.md,3,8,37.5,6,7,5,Development Process,Configuration & Environment; System Overview,Architecture; Build  & Run; Debugging; Implementation Details; Test
328,Comfy-Org,ComfyUI_frontend,https://github.com/Comfy-Org/ComfyUI_frontend/blob/main/.github/copilot-instructions.md,6,7,85.71,1,7,1,,Architecture; Claude/AI Integration; Configuration & Environment; Development Process; System Overview; UI/UX,Implementation Details
329,dotnet,SqlClient,https://github.com/dotnet/SqlClient/blob/main/.github/copilot-instructions.md,5,9,55.56,6,7,4,Claude/AI Integration; Development Process,Deployment and Operations; Project Management; Security,Documentation & References; Implementation Details; System Overview; Test
330,friendsofhyperf,components,https://github.com/friendsofhyperf/components/blob/main/.github/copilot-instructions.md,5,10,50.0,8,7,5,Build  & Run; Deployment and Operations; Development Process,Claude/AI Integration; Configuration & Environment,Architecture; Documentation & References; Implementation Details; System Overview; Test
331,FricoRico,Versta.Android,https://github.com/FricoRico/Versta.Android/blob/main/.github/copilot-instructions.md,6,8,75.0,3,7,2,Development Process,Architecture; Claude/AI Integration; Maintanability; Project Management; UI/UX,Implementation Details; System Overview
332,dotnet,docs-aspire,https://github.com/dotnet/docs-aspire/blob/main/.github/copilot-instructions.md,3,7,42.86,4,7,4,,Architecture; Configuration & Environment; Security,Claude/AI Integration; Documentation & References; Implementation Details; System Overview
