#,repository_owner,repository_name,source_dataset,stargazers_count,file_url,Label1,Label2,Label3,Label4,Label5,Label6,Label7,Label8,Label9,Label10,Label11,Label12,Label13,Label14,Label15
1,cortesi,musq,agents,7,https://github.com/cortesi/musq/blob/main/AGENTS.md,Test,Development Process,Maintanability,Implementation Details,,,,,,,,,,,
2,Rello,analytics,agents,136,https://github.com/Rello/analytics/blob/master/AGENTS.md,Architecture,Claude/AI Integration,Development Process,Documentation,,,,,,,,,,,
3,seasonedcc,remix-forms,agents,515,https://github.com/seasonedcc/remix-forms/blob/main/AGENTS.md,Build & Run,Configuration & Environment,Implementation Details,Test,Architecture,Development Process,Debugging,Maintanability,Documentation,,,,,,
4,aavetis,PRarena,copilot-instructions,1652,https://github.com/aavetis/PRarena/blob/main/.github/copilot-instructions.md,Configuration & Environment,Build & Run,,,,,,,,,,,,,
5,mirage335-colossus,ubiquitous_bash,agents,6603,https://github.com/mirage335-colossus/ubiquitous_bash/blob/master/AGENTS.md,System Overview,Architecture,Implementation Details,Debugging,Test,Development Process,Documentation,Build & Run,,,,,,,
6,KarlTDebiec,Scinoephile,agents,32,https://github.com/KarlTDebiec/Scinoephile/blob/master/AGENTS.md,Build & Run,Test,Implementation Details,Development Process,Documentation,Claude/AI Integration,Configuration & Environment,,,,,,,,
7,blockscout,mcp-server,agents,6,https://github.com/blockscout/mcp-server/blob/main/AGENTS.md,Architecture,System Overview,,,,,,,,,,,,,
8,sunbeam-labs,sunbeam,agents,174,https://github.com/sunbeam-labs/sunbeam/blob/main/AGENTS.md,System Overview,Architecture,Development Process,Test,Configuration & Environment,,,,,,,,,,
9,FarmBot,Farmbot-Web-App,agents,12,https://github.com/FarmBot/Farmbot-Web-App/blob/main/AGENTS.md,Configuration & Environment,Implementation Details,Test,,,,,,,,,,,,
10,open5e,open5e-api,agents,953,https://github.com/open5e/open5e-api/blob/main/AGENTS.md,System Overview,Implementation Details,Build & Run,Project Management,Development Process,,,,,,,,,,
11,sequinstream,sequin,agents,173,https://github.com/sequinstream/sequin/blob/main/AGENTS.md,Build & Run,Test,Implementation Details,Development Process,,,,,,,,,,,
12,netz98,n98-magerun2,copilot-instructions,11422,https://github.com/netz98/n98-magerun2/blob/master/.github/copilot-instructions.md,Configuration & Environment,Build & Run,Test,Development Process,Implementation Details,Documentation,Architecture,Deployment and Operations,Debugging,,,,,,
13,SwitchbackTech,compass,agents,1693,https://github.com/SwitchbackTech/compass/blob/main/AGENTS.md,Architecture,Implementation Details,Configuration & Environment,Test,Build & Run,Development Process,Deployment and Operations,Maintanability,,,,,,,
14,tracking202,prosper202,agents,386,https://github.com/tracking202/prosper202/blob/master/AGENTS.md,System Overview,Architecture,Implementation Details,Test,Documentation,Development Process,Maintanability,Claude/AI Integration,Project Management,,,,,,
15,LocalSymmetry,lofn,agents,198,https://github.com/LocalSymmetry/lofn/blob/main/AGENTS.md,System Overview,Architecture,Configuration & Environment,Deployment and Operations,Build & Run,,,,,,,,,,
16,Pirate-Weather,pirate-weather-code,agents,11,https://github.com/Pirate-Weather/pirate-weather-code/blob/main/AGENTS.md,Maintanability,Implementation Details,Test,,,,,,,,,,,,
17,samuelstevens,biobench,agents,13,https://github.com/samuelstevens/biobench/blob/main/AGENTS.md,Implementation Details,Debugging,Test,Architecture,Development Process,Maintanability,,,,,,,,,
18,Pedal-Intelligence,saypi-userscript,agents,36,https://github.com/Pedal-Intelligence/saypi-userscript/blob/main/CLAUDE.md,Build & Run,Test,Configuration & Environment,Architecture,System Overview,Claude/AI Integration,,,,,,,,,
19,bugsink,bugsink,copilot-instructions,11,https://github.com/bugsink/bugsink/blob/main/.github/copilot-instructions.md,Implementation Details,Test,Architecture,UI/UX,Development Process,System Overview,Build & Run,,,,,,,,
20,windmill-labs,windmill,agents,8,https://github.com/windmill-labs/windmill/blob/main/CLAUDE.md,System Overview,Implementation Details,Maintanability,,,,,,,,,,,,
21,sapientpants,sonarqube-mcp-server,claude,19,https://github.com/sapientpants/sonarqube-mcp-server/blob/main/CLAUDE.md,System Overview,Claude/AI Integration,Implementation Details,Architecture,Configuration & Environment,Performance,Test,Maintanability,Deployment and Operations,Security,Development Process,Build & Run,,,
22,slick,slick,claude,5968,https://github.com/slick/slick/blob/main/CLAUDE.md,System Overview,Build & Run,Test,Architecture,Configuration & Environment,Implementation Details,Debugging,Claude/AI Integration,Development Process,Performance,,,,,
23,geeknik,map-think-do,claude,10,https://github.com/geeknik/map-think-do/blob/main/CLAUDE.md,System Overview,Build & Run,Test,Maintanability,Architecture,Security,Claude/AI Integration,Documentation,Deployment and Operations,,,,,,
24,tphakala,birdnet-go,claude,539,https://github.com/tphakala/birdnet-go/blob/HEAD/frontend/src/lib/desktop/components/CLAUDE.md,Architecture,Implementation Details,Test,,,,,,,,,,,,
25,amittell,firewalla-mcp-server,claude,14838,https://github.com/amittell/firewalla-mcp-server/blob/main/CLAUDE.md,Documentation,Claude/AI Integration,System Overview,Architecture,Build & Run,Configuration & Environment,Test,Implementation Details,Debugging,Development Process,Performance,Project Management,Maintanability,Deployment and Operations,
26,meilisearch,meilisearch-mcp,claude,97,https://github.com/meilisearch/meilisearch-mcp/blob/main/CLAUDE.md,Development Process,Test,System Overview,Build & Run,Configuration & Environment,Architecture,Maintanability,Implementation Details,,,,,,,
27,spylang,spy,claude,2667,https://github.com/spylang/spy/blob/main/CLAUDE.md,Claude/AI Integration,Build & Run,Test,Implementation Details,Development Process,,,,,,,,,,
28,masc-ucsc,hagent,claude,6,https://github.com/masc-ucsc/hagent/blob/main/CLAUDE.md,Test,Build & Run,Configuration & Environment,Architecture,Implementation Details,,,,,,,,,,
29,ComposioHQ,composio,claude,615,https://github.com/ComposioHQ/composio/blob/master/CLAUDE.md,System Overview,Documentation,Development Process,Configuration & Environment,Implementation Details,Maintanability,Build & Run,Test,Architecture,,,,,,
30,gensx-inc,gensx,claude,8,https://github.com/gensx-inc/gensx/blob/main/CLAUDE.md,System Overview,Build & Run,Test,Configuration & Environment,Architecture,Implementation Details,Development Process,,,,,,,,
31,PostHog,posthog,claude,148,https://github.com/PostHog/posthog/blob/master/CLAUDE.md,,,,,,,,,,,,,,,
32,ryanmac,code-conductor,claude,15,https://github.com/ryanmac/code-conductor/blob/HEAD/.conductor/scripts/CLAUDE.md,System Overview,Implementation Details,Architecture,Claude/AI Integration,Development Process,Debugging,Security,Test,Build & Run,Configuration & Environment,Maintanability,,,,
33,LZong-tw,readwise-reader-management,claude,19,https://github.com/LZong-tw/readwise-reader-management/blob/master/CLAUDE.md,System Overview,Build & Run,Test,Architecture,Documentation,Implementation Details,Claude/AI Integration,,,,,,,,
34,docdyhr,mcp-wordpress,claude,13,https://github.com/docdyhr/mcp-wordpress/blob/main/CLAUDE.md,Build & Run,Test,Architecture,Configuration & Environment,Deployment and Operations,Development Process,System Overview,Security,Debugging,,,,,,
35,BeehiveInnovations,zen-mcp-server,claude,525,https://github.com/BeehiveInnovations/zen-mcp-server/blob/main/CLAUDE.md,Build & Run,Development Process,Debugging,Architecture,Configuration & Environment,Test,,,,,,,,,
36,berachain,beacon-kit,claude,29713,https://github.com/berachain/beacon-kit/blob/main/CLAUDE.md,System Overview,Architecture,Build & Run,Test,Configuration & Environment,Implementation Details,Development Process,Maintanability,,,,,,,
37,vespa-engine,pyvespa,claude,53,https://github.com/vespa-engine/pyvespa/blob/master/.github/copilot-instructions.md,System Overview,Architecture,Implementation Details,Debugging,Test,Configuration & Environment,Documentation,Build & Run,Deployment and Operations,,,,,,
38,dynamoose,dynamoose,claude,27,https://github.com/dynamoose/dynamoose/blob/main/.github/copilot-instructions.md,System Overview,Architecture,Build & Run,Implementation Details,Development Process,Test,Documentation,Maintanability,,,,,,,
39,gofiber,fiber,claude,9118,https://github.com/gofiber/fiber/blob/main/.github/copilot-instructions.md,Implementation Details,Maintanability,Documentation,Test,Build & Run,,,,,,,,,,
40,Azure,azure-service-operator,copilot-instructions,864,https://github.com/Azure/azure-service-operator/blob/ddf0cd6f6c749822fbaf0218f3750e315dbdce25/.github/instructions/copilot-instructions.md,Claude/AI Integration,Development Process,System Overview,Architecture,Configuration & Environment,Test,Implementation Details,,,,,,,,
41,dsccommunity,SqlServerDsc,claude,312,https://github.com/dsccommunity/SqlServerDsc/blob/main/.github/copilot-instructions.md,Implementation Details,,,,,,,,,,,,,,
42,ydb-platform,ydb-embedded-ui,copilot-instructions,145,https://github.com/ydb-platform/ydb-embedded-ui/blob/main/.github/copilot-instructions.md,Implementation Details,Claude/AI Integration,System Overview,Architecture,Debugging,Performance,Security,Build & Run,Development Process,Configuration & Environment,Test,UI/UX,Maintanability,,
43,Agoric,agoric-sdk,copilot-instructions,2230,https://github.com/Agoric/agoric-sdk/blob/master/.github/copilot-instructions.md,Build & Run,Test,Implementation Details,Debugging,Maintanability,,,,,,,,,,
44,Azure,adx-mon,copilot-instructions,38176,https://github.com/Azure/adx-mon/blob/main/.github/copilot-instructions.md,Architecture,System Overview,Implementation Details,Test,Build & Run,Debugging,Performance,Documentation,Deployment and Operations,Configuration & Environment,,,,,
45,Azure,azure-rest-api-specs,copilot-instructions,29,https://github.com/Azure/azure-rest-api-specs/blob/main/.github/copilot-instructions.md,Project Management,Claude/AI Integration,Implementation Details,Development Process,Build & Run,,,,,,,,,,
46,zwave-js,zwave-js,copilot-instructions,353,https://github.com/zwave-js/zwave-js/blob/master/.github/copilot-instructions.md,Architecture,System Overview,Build & Run,Implementation Details,Test,Development Process,,,,,,,,,
47,timdeschryver,Sandbox,copilot-instructions,874,https://github.com/timdeschryver/Sandbox/blob/main/.github/copilot-instructions.md,Build & Run,Test,Deployment and Operations,Architecture,Implementation Details,Security,Development Process,Maintanability,,,,,,,
48,microsoft,vscode-jupyter,copilot-instructions,23,https://github.com/microsoft/vscode-jupyter/blob/main/.github/copilot-instructions.md,Development Process,Build & Run,Test,Implementation Details,Architecture,Claude/AI Integration,Maintanability,,,,,,,,
49,AzureAD,microsoft-authentication-library-for-dotnet,copilot-instructions,2946,https://github.com/AzureAD/microsoft-authentication-library-for-dotnet/blob/main/.github/copilot-instructions.md,,,,,,,,,,,,,,,
50,AzureAD,microsoft-identity-web,copilot-instructions,835,https://github.com/AzureAD/microsoft-identity-web/blob/master/.github/copilot-instructions.md,,,,,,,,,,,,,,,
51,pomerium,mcp-app-demo,copilot-instructions,34,https://github.com/pomerium/mcp-app-demo/blob/main/.github/copilot-instructions.md,Architecture,Implementation Details,UI/UX,System Overview,Debugging,Maintanability,,,,,,,,,
52,rjmurillo,moq.analyzers,copilot-instructions,1436,https://github.com/rjmurillo/moq.analyzers/blob/main/.github/copilot-instructions.md,Implementation Details,Build & Run,Test,Development Process,Claude/AI Integration,Project Management,Debugging,Configuration & Environment,Maintanability,,,,,,
53,dotnet,winforms,copilot-instructions,1472,https://github.com/dotnet/winforms/blob/main/.github/copilot-instructions.md,Development Process,Implementation Details,Debugging,Performance,Documentation,UI/UX,Maintanability,,,,,,,,
54,dotnet,efcore,copilot-instructions,747,https://github.com/dotnet/efcore/blob/main/.github/copilot-instructions.md,Claude/AI Integration,Implementation Details,Architecture,Test,Configuration & Environment,Debugging,Performance,System Overview,Documentation,Maintanability,,,,,
55,ZachWatkins,Remarklet,copilot-instructions,53,https://github.com/ZachWatkins/Remarklet/blob/main/.github/copilot-instructions.md,System Overview,Implementation Details,,,,,,,,,,,,,
56,github,gh-gei,copilot-instructions,23,https://github.com/github/gh-gei/blob/main/.github/copilot-instructions.md,Development Process,Architecture,System Overview,Implementation Details,Build & Run,,,,,,,,,,
57,RosegoldMC,rosegold.cr,copilot-instructions,4694,https://github.com/RosegoldMC/rosegold.cr/blob/main/.github/copilot-instructions.md,System Overview,Claude/AI Integration,Configuration & Environment,Development Process,Build & Run,Test,Debugging,Deployment and Operations,Architecture,Documentation,,,,,
58,esphome,esphome-devices,copilot-instructions,14421,https://github.com/esphome/esphome-devices/blob/main/.github/copilot-instructions.md,System Overview,Development Process,Implementation Details,Debugging,Security,Configuration & Environment,,,,,,,,,
59,nbonamy,witsy,copilot-instructions,10,https://github.com/nbonamy/witsy/blob/main/.github/copilot-instructions.md,System Overview,Architecture,Development Process,Implementation Details,Test,UI/UX,Build & Run,Maintanability,,,,,,,
60,NOAA-EMC,global-workflow,copilot-instructions,92,https://github.com/NOAA-EMC/global-workflow/blob/master/.github/copilot-instructions.md,Claude/AI Integration,System Overview,Build & Run,Configuration & Environment,Architecture,Implementation Details,Development Process,Maintanability,Documentation,Debugging,Test,,,,
61,craft-code-club,blog-c3,copilot-instructions,28,https://github.com/craft-code-club/blog-c3/blob/main/.github/copilot-instructions.md,Claude/AI Integration,System Overview,Implementation Details,Performance,UI/UX,Deployment and Operations,Test,Project Management,,,,,,,
62,shader-slang,slang,copilot-instructions,262,https://github.com/shader-slang/slang/blob/master/.github/copilot-instructions.md,Configuration & Environment,Build & Run,Maintanability,Development Process,Debugging,Test,,,,,,,,,
63,openai,openai-agents-js,agents,1725,https://github.com/openai/openai-agents-js/blob/main/AGENTS.md,Documentation,Architecture,System Overview,Test,Build & Run,Development Process,Claude/AI Integration,,,,,,,,
64,herbie-fp,herbie,agents,825,https://github.com/herbie-fp/herbie/blob/main/AGENTS.md,Test,Project Management,Documentation,Development Process,Performance,,,,,,,,,,
65,bdougie,contributor.info,agents,18,https://github.com/bdougie/contributor.info/blob/main/AGENTS.md,Architecture,Build & Run,Test,Implementation Details,Development Process,Configuration & Environment,,,,,,,,,
66,AustinKelsay,snstr,agents,12,https://github.com/AustinKelsay/snstr/blob/main/AGENTS.md,Architecture,Build & Run,Test,Implementation Details,Development Process,Configuration & Environment,,,,,,,,,
67,iarunsaragadam,ngx-tailwind-flex-ui,agents,7,https://github.com/iarunsaragadam/ngx-tailwind-flex-ui/blob/main/AGENTS.md,System Overview,Test,Implementation Details,Documentation,UI/UX,Maintanability,Development Process,,,,,,,,
68,unclehowell,datro,agents,5,https://github.com/unclehowell/datro/blob/master/AGENTS.md,Claude/AI Integration,Implementation Details,,,,,,,,,,,,,
69,jlowin,fastmcp,agents,19226,https://github.com/jlowin/fastmcp/blob/main/AGENTS.md,System Overview,Test,Architecture,Claude/AI Integration,Development Process,Implementation Details,Debugging,Deployment and Operations,Maintanability,,,,,,
70,SpineEventEngine,core-java,agents,38,https://github.com/SpineEventEngine/core-java/blob/master/AGENTS.md,,,,,,,,,,,,,,,
71,minio,pkg,agents,30,https://github.com/minio/pkg/blob/main/AGENTS.md,Architecture,Build & Run,Test,Implementation Details,Development Process,Security,,,,,,,,,
72,EricLBuehler,mistral.rs,agents,6145,https://github.com/EricLBuehler/mistral.rs/blob/master/AGENTS.md,Architecture,System Overview,Build & Run,Test,Documentation,Deployment and Operations,Maintanability,,,,,,,,
73,eduzen,website,agents,10,https://github.com/eduzen/website/blob/main/AGENTS.md,Architecture,Build & Run,Test,Implementation Details,Development Process,Security,Configuration & Environment,Maintanability,,,,,,,
74,Wroud,foundation,agents,20,https://github.com/Wroud/foundation/blob/main/AGENTS.md,Configuration & Environment,Test,Development Process,,,,,,,,,,,,
75,tecnomanu,agent-rules-kit,agents,25,https://github.com/tecnomanu/agent-rules-kit/blob/main/AGENTS.md,System Overview,Configuration & Environment,Build & Run,Claude/AI Integration,Debugging,,,,,,,,,,
76,whiteducksoftware,flock,agents,70,https://github.com/whiteducksoftware/flock/blob/master/AGENTS.md,System Overview,Architecture,Configuration & Environment,Build & Run,Implementation Details,Deployment and Operations,Development Process,Debugging,Test,Performance,Security,Claude/AI Integration,,,
77,PV-Bhat,vibe-check-mcp-server,agents,265,https://github.com/PV-Bhat/vibe-check-mcp-server/blob/main/AGENTS.md,System Overview,Build & Run,Configuration & Environment,Test,Development Process,,,,,,,,,,
78,stampchain-io,BTCStampsExplorer,agents,11,https://github.com/stampchain-io/BTCStampsExplorer/blob/main/AGENTS.md,System Overview,Architecture,Development Process,Build & Run,Configuration & Environment,Implementation Details,Test,Security,Performance,Maintanability,Debugging,,,,
79,lynx-family,lynx-stack,agents,617,https://github.com/lynx-family/lynx-stack/blob/main/AGENTS.md,System Overview,Build & Run,Test,Documentation,Architecture,Development Process,Configuration & Environment,Maintanability,,,,,,,
80,amplitude,Amplitude-TypeScript,agents,166,https://github.com/amplitude/Amplitude-TypeScript/blob/main/AGENTS.md,Configuration & Environment,Test,Development Process,Maintanability,,,,,,,,,,,
81,thrasher-corp,gocryptotrader,agents,3313,https://github.com/thrasher-corp/gocryptotrader/blob/master/AGENTS.md,,,,,,,,,,,,,,,
82,TypedDevs,bashunit,agents,378,https://github.com/TypedDevs/bashunit/blob/main/AGENTS.md,System Overview,Development Process,Test,,,,,,,,,,,,
83,nodetool-ai,nodetool,agents,127,https://github.com/nodetool-ai/nodetool/blob/main/AGENTS.md,System Overview,Architecture,Configuration & Environment,Build & Run,Test,Development Process,Implementation Details,UI/UX,Maintanability,,,,,,
84,Azure,terraform-azurerm-avm-res-authorization-roleassignment,agents,14,https://github.com/Azure/terraform-azurerm-avm-res-authorization-roleassignment/blob/main/AGENTS.md,System Overview,Development Process,Architecture,Implementation Details,Deployment and Operations,Debugging,Project Management,Configuration & Environment,Claude/AI Integration,Maintanability,Documentation,,,,
85,puemos,hls-downloader,agents,2333,https://github.com/puemos/hls-downloader/blob/master/AGENTS.md,Architecture,Build & Run,Test,Development Process,Implementation Details,Documentation,,,,,,,,,
86,MakePrisms,boardwalkcash,agents,46,https://github.com/MakePrisms/boardwalkcash/blob/master/AGENTS.md,System Overview,Architecture,Build & Run,Test,Implementation Details,,,,,,,,,,
87,naveedanwarbhatti,Self-Citations-Checker,agents,20,https://github.com/naveedanwarbhatti/Self-Citations-Checker/blob/main/AGENTS.md,Build & Run,Configuration & Environment,,,,,,,,,,,,,
88,hotovo,aider-desk,agents,835,https://github.com/hotovo/aider-desk/blob/main/AGENTS.md,Build & Run,Test,Architecture,System Overview,Maintanability,Configuration & Environment,,,,,,,,,
89,adaptive,pops,agents,25,https://github.com/adaptive/pops/blob/main/AGENTS.md,System Overview,Architecture,Build & Run,Test,Implementation Details,Development Process,Security,,,,,,,,
90,BarthPaleologue,CosmosJourneyer,agents,24,https://github.com/BarthPaleologue/CosmosJourneyer/blob/main/AGENTS.md,System Overview,Implementation Details,Development Process,Claude/AI Integration,Test,Maintanability,,,,,,,,,
91,thorek1,MacroModelling.jl,agents,129,https://github.com/thorek1/MacroModelling.jl/blob/main/AGENTS.md,Build & Run,Implementation Details,Test,,,,,,,,,,,,
92,mkht,PSOpenAI,agents,56,https://github.com/mkht/PSOpenAI/blob/main/AGENTS.md,Implementation Details,Test,Documentation,,,,,,,,,,,,
93,UltimateBrent,discord-rod,agents,11,https://github.com/UltimateBrent/discord-rod/blob/master/AGENTS.md,Architecture,Implementation Details,Test,Security,,,,,,,,,,,
94,XOXNO,rs-lending,agents,8,https://github.com/XOXNO/rs-lending/blob/master/AGENTS.md,Architecture,Build & Run,Test,Security,Development Process,Implementation Details,Maintanability,,,,,,,,
95,nounder,effect-start,agents,19,https://github.com/nounder/effect-start/blob/main/AGENTS.md,Implementation Details,Test,,,,,,,,,,,,,
96,elizaOS,autonomous-starter,agents,22,https://github.com/elizaOS/autonomous-starter/blob/main/AGENTS.md,System Overview,Implementation Details,Test,,,,,,,,,,,,
97,zoonk,zoonk,agents,77,https://github.com/zoonk/zoonk/blob/main/AGENTS.md,System Overview,Claude/AI Integration,Architecture,Implementation Details,UI/UX,Documentation,Performance,Maintanability,,,,,,,
98,njfio,fluent_cli,agents,23,https://github.com/njfio/fluent_cli/blob/main/AGENTS.md,Architecture,Build & Run,Test,Implementation Details,Development Process,Security,Configuration & Environment,,,,,,,,
99,vitejs,vite-plugin-react,agents,912,https://github.com/vitejs/vite-plugin-react/blob/main/AGENTS.md,Documentation,Build & Run,Test,Architecture,,,,,,,,,,,
100,rsmp-nordic,rsmp_validator,agents,5,https://github.com/rsmp-nordic/rsmp_validator/blob/main/AGENTS.md,System Overview,Architecture,Implementation Details,Test,Development Process,,,,,,,,,,
101,sooperset,mcp-atlassian,agents,3363,https://github.com/sooperset/mcp-atlassian/blob/main/AGENTS.md,Architecture,Development Process,Implementation Details,Build & Run,,,,,,,,,,,
102,OpenAF,openaf,agents,12,https://github.com/OpenAF/openaf/blob/master/AGENTS.md,Architecture,Build & Run,Test,Implementation Details,Development Process,Configuration & Environment,,,,,,,,,
103,F286,VsHelix,agents,8,https://github.com/F286/VsHelix/blob/master/AGENTS.md,System Overview,Implementation Details,Test,Development Process,Documentation,,,,,,,,,,
104,naveedanwarbhatti,Google-Scholar-Conference-Ranker,agents,19,https://github.com/naveedanwarbhatti/Google-Scholar-Conference-Ranker/blob/main/AGENTS.md,System Overview,Configuration & Environment,Build & Run,,,,,,,,,,,,
105,selfxyz,self,agents,1064,https://github.com/selfxyz/self/blob/main/AGENTS.md,Architecture,Build & Run,Test,Development Process,Deployment and Operations,,,,,,,,,,
106,cartography-cncf,cartography,agents,3590,https://github.com/cartography-cncf/cartography/blob/master/AGENTS.md,Claude/AI Integration,System Overview,Architecture,Implementation Details,Performance,Configuration & Environment,Test,Documentation,Debugging,Maintanability,,,,,
107,kyryl-opens-ml,no-ocr,agents,166,https://github.com/kyryl-opens-ml/no-ocr/blob/main/AGENTS.md,Architecture,Implementation Details,Test,Development Process,Build & Run,,,,,,,,,,
108,Skyvern-AI,skyvern,agents,14637,https://github.com/Skyvern-AI/skyvern/blob/main/AGENTS.md,Architecture,Implementation Details,Development Process,Performance,Security,Debugging,,,,,,,,,
109,bruin-data,bruin,agents,1136,https://github.com/bruin-data/bruin/blob/main/AGENTS.md,System Overview,Architecture,Configuration & Environment,Build & Run,Test,Development Process,Debugging,Documentation,,,,,,,
110,msgbyte,tianji,agents,2793,https://github.com/msgbyte/tianji/blob/master/AGENTS.md,Build & Run,Test,Development Process,Deployment and Operations,Maintanability,,,,,,,,,,
111,faros-ai,airbyte-connectors,agents,122,https://github.com/faros-ai/airbyte-connectors/blob/main/AGENTS.md,Build & Run,Test,Configuration & Environment,Architecture,Implementation Details,Maintanability,,,,,,,,,
112,anderssv,kotlin-htmx,agents,60,https://github.com/anderssv/kotlin-htmx/blob/main/AGENTS.md,Development Process,Architecture,Test,Build & Run,Implementation Details,Documentation,Maintanability,,,,,,,,
113,chainbound,taikoscope,agents,8,https://github.com/chainbound/taikoscope/blob/main/AGENTS.md,Build & Run,Test,Implementation Details,Development Process,Maintanability,,,,,,,,,,
114,andrejvysny,spendly,agents,8,https://github.com/andrejvysny/spendly/blob/main/AGENTS.md,System Overview,Architecture,Implementation Details,Claude/AI Integration,Test,Security,Development Process,Performance,UI/UX,Maintanability,,,,,
115,sqlrooms,sqlrooms,agents,272,https://github.com/sqlrooms/sqlrooms/blob/main/AGENTS.md,Architecture,Build & Run,Test,Documentation,Maintanability,Development Process,,,,,,,,,
116,KristopherKubicki,glimpser,agents,26,https://github.com/KristopherKubicki/glimpser/blob/main/AGENTS.md,Development Process,Implementation Details,Build & Run,Test,Documentation,Maintanability,,,,,,,,,
117,arthurhenrique,cookiecutter-fastapi,agents,589,https://github.com/arthurhenrique/cookiecutter-fastapi/blob/main/AGENTS.md,Test,Development Process,,,,,,,,,,,,,
118,nextcloud,desktop,agents,3432,https://github.com/nextcloud/desktop/blob/master/AGENTS.md,System Overview,Implementation Details,Development Process,Architecture,,,,,,,,,,,
119,kdroidFilter,Platform-Tools,agents,97,https://github.com/kdroidFilter/Platform-Tools/blob/master/AGENTS.md,Architecture,Build & Run,Test,Implementation Details,Development Process,,,,,,,,,,
120,nornagon,cdda-guide,agents,135,https://github.com/nornagon/cdda-guide/blob/main/AGENTS.md,System Overview,Implementation Details,Architecture,Development Process,Maintanability,,,,,,,,,,
121,microsoft,mcp-dotnet-samples,agents,116,https://github.com/microsoft/mcp-dotnet-samples/blob/main/AGENTS.md,System Overview,Architecture,Implementation Details,Test,Development Process,Configuration & Environment,Deployment and Operations,,,,,,,,
122,rob-luke,conversations,agents,8,https://github.com/rob-luke/conversations/blob/main/AGENTS.md,Configuration & Environment,Implementation Details,Test,Development Process,Documentation,Deployment and Operations,,,,,,,,,
123,cablehead,xs,agents,106,https://github.com/cablehead/xs/blob/main/AGENTS.md,Development Process,Maintanability,Deployment and Operations,,,,,,,,,,,,
124,xuyecan,alfred-chathub,agents,41,https://github.com/xuyecan/alfred-chathub/blob/main/AGENTS.md,Architecture,Build & Run,Test,Implementation Details,Development Process,Security,,,,,,,,,
125,bldrs-ai,Share,agents,146,https://github.com/bldrs-ai/Share/blob/main/AGENTS.md,Build & Run,Test,Architecture,System Overview,Implementation Details,Debugging,Development Process,Maintanability,,,,,,,
126,uxlfoundation,oneDAL,agents,643,https://github.com/uxlfoundation/oneDAL/blob/main/AGENTS.md,System Overview,Architecture,Documentation,Implementation Details,Test,Claude/AI Integration,,,,,,,,,
127,swc-project,swc,agents,32827,https://github.com/swc-project/swc/blob/main/AGENTS.md,Implementation Details,Test,Development Process,,,,,,,,,,,,
128,alexlwn123,LastPayWins,agents,11,https://github.com/alexlwn123/LastPayWins/blob/main/AGENTS.md,Build & Run,Test,Implementation Details,Debugging,Maintanability,,,,,,,,,,
129,jkroepke,openvpn-auth-oauth2,agents,345,https://github.com/jkroepke/openvpn-auth-oauth2/blob/main/AGENTS.md,Development Process,System Overview,Maintanability,Test,Configuration & Environment,,,,,,,,,,
130,cybrota,scharf,agents,13,https://github.com/cybrota/scharf/blob/main/AGENTS.md,Development Process,Implementation Details,Test,Security,Maintanability,,,,,,,,,,
131,thrasher-,gocryptotrader,agents,11,https://github.com/thrasher-/gocryptotrader/blob/master/AGENTS.md,,,,,,,,,,,,,,,
132,joshuadanpeterson,typewriter.nvim,agents,38,https://github.com/joshuadanpeterson/typewriter.nvim/blob/main/AGENTS.md,Architecture,Implementation Details,Test,Development Process,Maintanability,,,,,,,,,,
133,skip-mev,skip-go,agents,25,https://github.com/skip-mev/skip-go/blob/main/AGENTS.md,Architecture,Implementation Details,System Overview,Documentation,Performance,Debugging,UI/UX,Test,Development Process,Maintanability,,,,,
134,remorses,fumabase,agents,506,https://github.com/remorses/fumabase/blob/main/AGENTS.md,Claude/AI Integration,Implementation Details,Configuration & Environment,Development Process,Test,Debugging,Documentation,UI/UX,Maintanability,,,,,,
135,MaximiliumM,appearancemenumod,agents,16,https://github.com/MaximiliumM/appearancemenumod/blob/main/AGENTS.md,System Overview,Implementation Details,Development Process,,,,,,,,,,,,
136,RickCarlino,gnutella-bun-client,agents,6,https://github.com/RickCarlino/gnutella-bun-client/blob/main/AGENTS.md,Architecture,Build & Run,Test,Implementation Details,Development Process,Security,Configuration & Environment,Maintanability,,,,,,,
137,heyverse,hey,agents,29482,https://github.com/heyverse/hey/blob/main/AGENTS.md,Architecture,Build & Run,Test,Implementation Details,Development Process,Configuration & Environment,Maintanability,Security,,,,,,,
138,microsoft,mcp,agents,2010,https://github.com/microsoft/mcp/blob/main/AGENTS.md,Implementation Details,Build & Run,Test,Claude/AI Integration,System Overview,Architecture,Configuration & Environment,Development Process,Debugging,Performance,Documentation,Maintanability,,,
139,openai,openai-agents-python,agents,16610,https://github.com/openai/openai-agents-python/blob/main/AGENTS.md,Architecture,Build & Run,Test,Development Process,Claude/AI Integration,Documentation,,,,,,,,,
140,mazrean,kessoku,claude,92,https://github.com/mazrean/kessoku/blob/main/CLAUDE.md,System Overview,Build & Run,Test,Architecture,Development Process,Documentation,Maintanability,,,,,,,,
141,bbfox0703,Mydev-Cheat-Engine-Tables,claude,25,https://github.com/bbfox0703/Mydev-Cheat-Engine-Tables/blob/main/CLAUDE.md,System Overview,Architecture,Implementation Details,Development Process,Documentation,Claude/AI Integration,,,,,,,,,
142,riffcc,flagship,claude,10,https://github.com/riffcc/flagship/blob/main/CLAUDE.md,System Overview,Build & Run,Test,Architecture,Implementation Details,Maintanability,,,,,,,,,
143,getsentry,launchpad,claude,5,https://github.com/getsentry/launchpad/blob/main/CLAUDE.md,System Overview,Architecture,Configuration & Environment,Build & Run,Test,Development Process,Performance,Implementation Details,Debugging,,,,,,
144,ar-io,ar-io-node,claude,109,https://github.com/ar-io/ar-io-node/blob/main/CLAUDE.md,Documentation,Deployment and Operations,Architecture,Test,Implementation Details,System Overview,Development Process,Maintanability,Build & Run,,,,,,
145,komura-c,MusiL,claude,9,https://github.com/komura-c/MusiL/blob/main/CLAUDE.md,System Overview,Build & Run,Test,Architecture,Deployment and Operations,Configuration & Environment,,,,,,,,,
146,buger,probe,claude,387,https://github.com/buger/probe/blob/main/CLAUDE.md,System Overview,Test,Debugging,Implementation Details,Performance,Project Management,Architecture,Development Process,Maintanability,,,,,,
147,alexanderthclark,Matplotlib-for-Storytellers,claude,32,https://github.com/alexanderthclark/Matplotlib-for-Storytellers/blob/main/CLAUDE.md,System Overview,Build & Run,Configuration & Environment,Architecture,Development Process,Implementation Details,,,,,,,,,
148,Melvynx,saveit.now,claude,17,https://github.com/Melvynx/saveit.now/blob/main/CLAUDE.md,Build & Run,UI/UX,Architecture,Configuration & Environment,Deployment and Operations,Maintanability,Development Process,,,,,,,,
149,sugyan,claude-code-webui,claude,640,https://github.com/sugyan/claude-code-webui/blob/main/CLAUDE.md,Implementation Details,Build & Run,Architecture,System Overview,Configuration & Environment,Test,Development Process,Maintanability,Debugging,Deployment and Operations,Claude/AI Integration,,,,
150,miurla,morphic,claude,8271,https://github.com/miurla/morphic/blob/main/CLAUDE.md,Build & Run,Test,Architecture,Configuration & Environment,Development Process,Maintanability,,,,,,,,,
151,knyga,html2thermal,claude,47,https://github.com/knyga/html2thermal/blob/master/CLAUDE.md,Test,Implementation Details,System Overview,,,,,,,,,,,,
152,Shinyaigeek,shinyaigeek.dev,claude,9,https://github.com/Shinyaigeek/shinyaigeek.dev/blob/main/CLAUDE.md,Architecture,Build & Run,Test,Maintanability,Deployment and Operations,,,,,,,,,,
153,evmts,tevm-monorepo,claude,408,https://github.com/evmts/tevm-monorepo/blob/main/CLAUDE.md,System Overview,Build & Run,Test,Implementation Details,Configuration & Environment,Documentation,Development Process,Maintanability,Debugging,,,,,,
154,ajanraj,OpenChat,claude,102,https://github.com/ajanraj/OpenChat/blob/main/CLAUDE.md,Claude/AI Integration,System Overview,Implementation Details,Architecture,Build & Run,Maintanability,Test,Documentation,UI/UX,Performance,Development Process,,,,
155,op-rs,kona,claude,262,https://github.com/op-rs/kona/blob/main/CLAUDE.md,Build & Run,Test,Implementation Details,Architecture,Configuration & Environment,Maintanability,,,,,,,,,
156,reinier,dotfiles,claude,8,https://github.com/reinier/dotfiles/blob/main/CLAUDE.md,System Overview,Build & Run,Test,Architecture,Project Management,Configuration & Environment,,,,,,,,,
157,basicmachines-co,basic-memory,claude,1949,https://github.com/basicmachines-co/basic-memory/blob/main/CLAUDE.md,System Overview,Build & Run,Test,Implementation Details,Architecture,Claude/AI Integration,Development Process,,,,,,,,
158,SecDev-Lab,sprout,claude,7,https://github.com/SecDev-Lab/sprout/blob/main/CLAUDE.md,Claude/AI Integration,Documentation,Development Process,Build & Run,Test,Maintanability,Configuration & Environment,Deployment and Operations,,,,,,,
159,safety-research,safety-tooling,claude,77,https://github.com/safety-research/safety-tooling/blob/main/CLAUDE.md,System Overview,Claude/AI Integration,Development Process,Architecture,Debugging,Test,Implementation Details,Documentation,Performance,Security,Configuration & Environment,,,,
160,basher83,ProxmoxMCP,claude,10,https://github.com/basher83/ProxmoxMCP/blob/main/CLAUDE.md,Build & Run,Test,Debugging,Architecture,Implementation Details,Security,Development Process,Performance,Configuration & Environment,,,,,,
161,yuneco,canvas-draw-styled-text,claude,38,https://github.com/yuneco/canvas-draw-styled-text/blob/main/CLAUDE.md,Build & Run,Test,Architecture,System Overview,Maintanability,,,,,,,,,,
162,ryanaidilp,stadata_flutter_sdk,claude,18,https://github.com/ryanaidilp/stadata_flutter_sdk/blob/main/CLAUDE.md,System Overview,Architecture,Build & Run,Test,Implementation Details,Project Management,Development Process,Configuration & Environment,Security,Maintanability,Debugging,,,,
163,amun-ai,hypha,claude,19,https://github.com/amun-ai/hypha/blob/main/CLAUDE.md,System Overview,Architecture,Implementation Details,Security,Documentation,Development Process,Test,,,,,,,,
164,langchain-ai,langchain,claude,117487,https://github.com/langchain-ai/langchain/blob/master/CLAUDE.md,Implementation Details,Maintanability,Test,Security,Documentation,Architecture,Build & Run,Development Process,,,,,,,
165,lfnovo,esperanto,claude,49,https://github.com/lfnovo/esperanto/blob/main/CLAUDE.md,System Overview,Development Process,Test,Maintanability,Claude/AI Integration,,,,,,,,,,
166,elizaOS,eliza,claude,17004,https://github.com/elizaOS/eliza/blob/main/CLAUDE.md,System Overview,Architecture,Build & Run,Test,Maintanability,Implementation Details,Development Process,Configuration & Environment,Documentation,Debugging,,,,,
167,pdm-project,pdm,claude,8480,https://github.com/pdm-project/pdm/blob/main/CLAUDE.md,,,,,,,,,,,,,,,
168,rainbow-me,browser-extension,claude,187,https://github.com/rainbow-me/browser-extension/blob/master/CLAUDE.md,System Overview,Configuration & Environment,Build & Run,Test,Architecture,Security,Development Process,Maintanability,,,,,,,
169,sorryhyun,DiPeO,claude,11,https://github.com/sorryhyun/DiPeO/blob/main/CLAUDE.md,System Overview,Build & Run,Documentation,Claude/AI Integration,Architecture,Development Process,Debugging,,,,,,,,
170,FluidGroup,Brightroom,claude,3582,https://github.com/FluidGroup/Brightroom/blob/main/CLAUDE.md,System Overview,Build & Run,Architecture,Development Process,UI/UX,,,,,,,,,,
171,stid,Apple1JS,claude,12,https://github.com/stid/Apple1JS/blob/master/CLAUDE.md,Development Process,Claude/AI Integration,Project Management,Debugging,Test,Build & Run,Documentation,System Overview,UI/UX,Security,Deployment and Operations,Maintanability,,,
172,aaronjmars,tweazy,claude,20,https://github.com/aaronjmars/tweazy/blob/main/CLAUDE.md,Build & Run,Architecture,System Overview,Configuration & Environment,Security,Test,Maintanability,,,,,,,,
173,bitsacco,os,claude,10,https://github.com/bitsacco/os/blob/main/CLAUDE.md,Build & Run,Test,Implementation Details,,,,,,,,,,,,
174,bdougie,contributor.info,claude,18,https://github.com/bdougie/contributor.info/blob/main/CLAUDE.md,Build & Run,System Overview,Project Management,Configuration & Environment,Implementation Details,Documentation,UI/UX,Security,Test,Maintanability,,,,,
175,Veloera,Veloera,claude,1382,https://github.com/Veloera/Veloera/blob/main/CLAUDE.md,Build & Run,Test,Implementation Details,,,,,,,,,,,,
176,d-kimuson,claude-crew,claude,41,https://github.com/d-kimuson/claude-crew/blob/main/CLAUDE.md,Build & Run,Test,Implementation Details,Maintanability,,,,,,,,,,,
177,Clarity-Digital-Twin,big-mood-detector,claude,29,https://github.com/Clarity-Digital-Twin/big-mood-detector/blob/main/CLAUDE.md,Build & Run,Test,Architecture,System Overview,Development Process,Debugging,Performance,Claude/AI Integration,Configuration & Environment,Implementation Details,,,,,
178,cloudposse,atmos,claude,1170,https://github.com/cloudposse/atmos/blob/main/CLAUDE.md,System Overview,Build & Run,Test,Architecture,Development Process,Implementation Details,Maintanability,,,,,,,,
179,moosefs,pve-moosefs,claude,18,https://github.com/moosefs/pve-moosefs/blob/main/CLAUDE.md,Implementation Details,Development Process,Build & Run,Test,Documentation,,,,,,,,,,
180,Medo42,Faucet-Lobby,claude,5,https://github.com/Medo42/Faucet-Lobby/blob/master/CLAUDE.md,Claude/AI Integration,Implementation Details,Development Process,Build & Run,System Overview,Architecture,Maintanability,,,,,,,,
181,serendie,serendie,claude,39,https://github.com/serendie/serendie/blob/main/CLAUDE.md,System Overview,Build & Run,Test,Architecture,UI/UX,Maintanability,,,,,,,,,
182,ThreatFlux,githubWorkFlowChecker,claude,5,https://github.com/ThreatFlux/githubWorkFlowChecker/blob/main/CLAUDE.md,System Overview,Build & Run,Test,Architecture,Maintanability,Security,,,,,,,,,
183,vgijssel,setup,claude,8,https://github.com/vgijssel/setup/blob/main/CLAUDE.md,Architecture,Build & Run,Maintanability,Implementation Details,Configuration & Environment,Deployment and Operations,,,,,,,,,
184,waldzellai,adk-typescript,claude,77,https://github.com/waldzellai/adk-typescript/blob/main/CLAUDE.md,Build & Run,Test,Implementation Details,Architecture,Maintanability,,,,,,,,,,
185,TrueCrimeAudit,ClautoHotkey,claude,7,https://github.com/TrueCrimeAudit/ClautoHotkey/blob/main/CLAUDE.md,System Overview,Architecture,Implementation Details,Development Process,Documentation,Test,Maintanability,Build & Run,,,,,,,
186,quantified-uncertainty,roast-my-post,claude,11,https://github.com/quantified-uncertainty/roast-my-post/blob/main/CLAUDE.md,System Overview,Architecture,Security,Implementation Details,Development Process,Build & Run,Test,Documentation,Maintanability,,,,,,
187,deeeed,expo-audio-stream,claude,222,https://github.com/deeeed/expo-audio-stream/blob/main/CLAUDE.md,System Overview,Architecture,Build & Run,Test,Debugging,Claude/AI Integration,Implementation Details,Development Process,Configuration & Environment,Documentation,Maintanability,,,,
188,hedoluna,fft,claude,11,https://github.com/hedoluna/fft/blob/main/CLAUDE.md,System Overview,Build & Run,Test,Performance,Architecture,Implementation Details,Debugging,Deployment and Operations,Documentation,Maintanability,Configuration & Environment,,,,
189,syntaxfm,website,claude,1157,https://github.com/syntaxfm/website/blob/main/CLAUDE.md,Build & Run,Test,Architecture,Implementation Details,UI/UX,System Overview,Development Process,Maintanability,Deployment and Operations,,,,,,
190,pedramamini,RewindMCP,claude,12,https://github.com/pedramamini/RewindMCP/blob/main/CLAUDE.md,System Overview,Build & Run,Test,Architecture,Configuration & Environment,Implementation Details,Development Process,Debugging,Security,,,,,,
191,anyproto,anytype-raycast,claude,18,https://github.com/anyproto/anytype-raycast/blob/main/CLAUDE.md,Build & Run,Test,Architecture,Implementation Details,Maintanability,,,,,,,,,,
192,promptfoo,promptfoo,claude,8747,https://github.com/promptfoo/promptfoo/blob/main/CLAUDE.md,Build & Run,Architecture,Claude/AI Integration,Development Process,Documentation,Maintanability,,,,,,,,,
193,ruvnet,claude-flow,claude,9047,https://github.com/ruvnet/claude-flow/blob/main/CLAUDE.md,Claude/AI Integration,Implementation Details,System Overview,Development Process,Build & Run,Documentation,Performance,,,,,,,,
194,hivesolutions,appier,claude,130,https://github.com/hivesolutions/appier/blob/master/CLAUDE.md,Test,Maintanability,Architecture,Configuration & Environment,Implementation Details,Build & Run,,,,,,,,,
195,avalan-ai,avalan,claude,29,https://github.com/avalan-ai/avalan/blob/main/CLAUDE.md,Build & Run,Test,Architecture,Development Process,Maintanability,Implementation Details,,,,,,,,,
196,shopware,shopware-cli,claude,104,https://github.com/shopware/shopware-cli/blob/main/CLAUDE.md,Build & Run,Test,Architecture,Configuration & Environment,Development Process,Debugging,Maintanability,,,,,,,,
197,nyvyn,helpful.computer,claude,8,https://github.com/nyvyn/helpful.computer/blob/main/CLAUDE.md,System Overview,Architecture,Build & Run,Test,Configuration & Environment,Implementation Details,Development Process,,,,,,,,
198,cablehead,http-nu,claude,48,https://github.com/cablehead/http-nu/blob/main/CLAUDE.md,Development Process,Maintanability,Deployment and Operations,,,,,,,,,,,,
199,,,claude,124,https://github.com/Freika/dawarich/blob/master/CLAUDE.md,System Overview,Architecture,Configuration & Environment,Test,Security,Implementation Details,Deployment and Operations,Maintanability,Build & Run,Development Process,,,,,
200,pathintegral-institute,mcpm.sh,claude,767,https://github.com/pathintegral-institute/mcpm.sh/blob/main/CLAUDE.md,Implementation Details,Development Process,Configuration & Environment,Maintanability,,,,,,,,,,,
201,Data-Simply,pyretailscience,claude,8,https://github.com/Data-Simply/pyretailscience/blob/main/CLAUDE.md,Build & Run,Test,Implementation Details,,,,,,,,,,,,
202,GaloyMoney,lana-bank,claude,37,https://github.com/GaloyMoney/lana-bank/blob/main/CLAUDE.md,Build & Run,Test,Implementation Details,,,,,,,,,,,,
203,deref,transcript,claude,7,https://github.com/deref/transcript/blob/main/CLAUDE.md,Build & Run,Test,,,,,,,,,,,,,
204,xlnfinance,xln,claude,92,https://github.com/xlnfinance/xln/blob/main/CLAUDE.md,Implementation Details,Debugging,Claude/AI Integration,System Overview,Architecture,Build & Run,Test,Security,Performance,,,,,,
205,antimetal,system-agent,claude,8,https://github.com/antimetal/system-agent/blob/main/CLAUDE.md,Claude/AI Integration,System Overview,Architecture,Build & Run,Test,Development Process,Performance,Configuration & Environment,Security,Debugging,Documentation,Maintanability,Deployment and Operations,,
206,0x-j,aptos-full-stack-template,claude,18,https://github.com/0x-j/aptos-full-stack-template/blob/main/CLAUDE.md,System Overview,Architecture,Development Process,Test,Configuration & Environment,Maintanability,,,,,,,,,
207,ithacaxyz,account,claude,293,https://github.com/ithacaxyz/account/blob/main/CLAUDE.md,Claude/AI Integration,Implementation Details,Security,Build & Run,Debugging,Test,Configuration & Environment,Development Process,,,,,,,
208,Azure,fleet,claude,220,https://github.com/Azure/fleet/blob/main/CLAUDE.md,System Overview,Build & Run,Test,Architecture,Development Process,Implementation Details,Maintanability,,,,,,,,
209,ktaka-ccmp,oauth2-passkey,claude,9,https://github.com/ktaka-ccmp/oauth2-passkey/blob/master/CLAUDE.md,System Overview,Build & Run,Test,Architecture,Development Process,Implementation Details,Maintanability,Configuration & Environment,,,,,,,
210,twentyhq,twenty,claude,36117,https://github.com/twentyhq/twenty/blob/main/CLAUDE.md,System Overview,Build & Run,Test,Architecture,Implementation Details,Development Process,Maintanability,,,,,,,,
211,alchemiststudiosDOTai,tinyAgent,claude,77,https://github.com/alchemiststudiosDOTai/tinyAgent/blob/master/CLAUDE.md,Claude/AI Integration,Development Process,Architecture,Build & Run,Test,Implementation Details,Configuration & Environment,Debugging,,,,,,,
212,johnlindquist,get-rules,claude,24,https://github.com/johnlindquist/get-rules/blob/main/CLAUDE.md,System Overview,Build & Run,Test,Architecture,Implementation Details,Deployment and Operations,,,,,,,,,
213,OpenCut-app,OpenCut,claude,42249,https://github.com/OpenCut-app/OpenCut/blob/main/CLAUDE.md,System Overview,Build & Run,Architecture,Development Process,Implementation Details,Configuration & Environment,Maintanability,,,,,,,,
214,shunkakinoki,dotfiles,claude,6,https://github.com/shunkakinoki/dotfiles/blob/main/CLAUDE.md,System Overview,Architecture,Build & Run,Test,Configuration & Environment,Implementation Details,Development Process,Deployment and Operations,Documentation,Debugging,,,,,
215,invokable,laravel-bluesky,claude,40,https://github.com/invokable/laravel-bluesky/blob/main/CLAUDE.md,System Overview,Build & Run,Test,Architecture,Configuration & Environment,Implementation Details,Debugging,Maintanability,,,,,,,
216,alestic,abc,claude,14,https://github.com/alestic/abc/blob/main/CLAUDE.md,System Overview,Architecture,Build & Run,Test,Implementation Details,Configuration & Environment,,,,,,,,,
217,jdx,mise,claude,20588,https://github.com/jdx/mise/blob/main/CLAUDE.md,Build & Run,Test,Debugging,Documentation,Architecture,Configuration & Environment,Development Process,Implementation Details,,,,,,,
218,Nantero1,ai-first-devops-toolkit,claude,12,https://github.com/Nantero1/ai-first-devops-toolkit/blob/main/CLAUDE.md,Build & Run,Test,Architecture,System Overview,Implementation Details,Deployment and Operations,Documentation,Performance,Security,Development Process,,,,,
219,pomerium,mcp-app-demo,claude,53,https://github.com/pomerium/mcp-app-demo/blob/main/CLAUDE.md,System Overview,Architecture,Build & Run,Test,Implementation Details,Configuration & Environment,Maintanability,Claude/AI Integration,,,,,,,
220,juanibiapina,dotfiles,claude,13,https://github.com/juanibiapina/dotfiles/blob/main/CLAUDE.md,System Overview,Architecture,Configuration & Environment,Development Process,,,,,,,,,,,
221,ubie-oss,slack-mcp-server,claude,107,https://github.com/ubie-oss/slack-mcp-server/blob/main/CLAUDE.md,System Overview,Build & Run,Test,Architecture,Configuration & Environment,Implementation Details,Maintanability,Development Process,,,,,,,
222,jakub-k-slys,substack-api,claude,22,https://github.com/jakub-k-slys/substack-api/blob/main/CLAUDE.md,Build & Run,Test,Architecture,Development Process,Maintanability,,,,,,,,,,
223,kesslerio,attio-mcp-server,claude,21,https://github.com/kesslerio/attio-mcp-server/blob/main/CLAUDE.md,Development Process,Claude/AI Integration,Test,Deployment and Operations,System Overview,Debugging,Maintanability,Performance,Documentation,,,,,,
224,blokadaorg,blokada,claude,3151,https://github.com/blokadaorg/blokada/blob/main/CLAUDE.md,System Overview,Architecture,Development Process,Build & Run,Test,Implementation Details,,,,,,,,,
225,kajidog,mcp-tts-voicevox,claude,9,https://github.com/kajidog/mcp-tts-voicevox/blob/main/CLAUDE.md,Build & Run,Test,Architecture,System Overview,Development Process,Configuration & Environment,Implementation Details,Maintanability,,,,,,,
226,,,claude,5,https://github.com/aldinokemal/go-whatsapp-web-multidevice/blob/main/CLAUDE.md,Build & Run,Test,Architecture,Configuration & Environment,Implementation Details,,,,,,,,,,
227,dailydotdev,apps,claude,942,https://github.com/dailydotdev/apps/blob/main/CLAUDE.md,Architecture,Build & Run,Test,System Overview,Implementation Details,Maintanability,,,,,,,,,
228,malgo-lang,malgo,claude,45,https://github.com/malgo-lang/malgo/blob/master/CLAUDE.md,Build & Run,Test,Architecture,Development Process,Debugging,,,,,,,,,,
229,bbuchsbaum,bidser,claude,6,https://github.com/bbuchsbaum/bidser/blob/master/CLAUDE.md,Build & Run,Test,Documentation,Architecture,Configuration & Environment,Development Process,,,,,,,,,
230,umputun,spot,claude,466,https://github.com/umputun/spot/blob/master/CLAUDE.md,System Overview,Architecture,Build & Run,Test,Implementation Details,Debugging,Development Process,Configuration & Environment,Maintanability,,,,,,
231,SoftFever,OrcaSlicer,claude,11181,https://github.com/SoftFever/OrcaSlicer/blob/main/CLAUDE.md,System Overview,Build & Run,Test,Architecture,Development Process,Implementation Details,Performance,,,,,,,,
232,getsentry,sentry-java,claude,1265,https://github.com/getsentry/sentry-java/blob/main/CLAUDE.md,System Overview,Build & Run,Test,Development Process,Architecture,Implementation Details,Claude/AI Integration,Documentation,Maintanability,,,,,,
233,SAIB-Inc,Chrysalis,claude,10,https://github.com/SAIB-Inc/Chrysalis/blob/main/CLAUDE.md,System Overview,Build & Run,Test,Implementation Details,Architecture,Development Process,Performance,,,,,,,,
234,ivangrynenko,cursorrules,claude,51,https://github.com/ivangrynenko/cursorrules/blob/main/CLAUDE.md,System Overview,Test,Architecture,Deployment and Operations,Debugging,Security,Claude/AI Integration,Maintanability,,,,,,,
235,bluzky,prana,claude,16,https://github.com/bluzky/prana/blob/main/CLAUDE.md,System Overview,Build & Run,Test,Architecture,Project Management,Implementation Details,Development Process,Maintanability,,,,,,,
236,jameshiew,infinigen,claude,82,https://github.com/jameshiew/infinigen/blob/main/CLAUDE.md,System Overview,Build & Run,Test,Architecture,Implementation Details,Performance,Configuration & Environment,,,,,,,,
237,PolicyEngine,microdf,claude,13,https://github.com/PolicyEngine/microdf/blob/master/CLAUDE.md,Implementation Details,Development Process,Test,Configuration & Environment,Documentation,Deployment and Operations,Debugging,,,,,,,,
238,mixpanel,mixpanel-android,copilot-instructions,1040,https://github.com/mixpanel/mixpanel-android/blob/master/.github/copilot-instructions.md,Implementation Details,Architecture,Test,System Overview,,,,,,,,,,,
239,Forneck,vitalia-reborn,copilot-instructions,7,https://github.com/Forneck/vitalia-reborn/blob/master/.github/copilot-instructions.md,System Overview,Development Process,Architecture,Implementation Details,Configuration & Environment,,,,,,,,,,
240,microsoft,Qcodes,copilot-instructions,396,https://github.com/microsoft/Qcodes/blob/main/.github/copilot-instructions.md,System Overview,Development Process,Test,Maintanability,,,,,,,,,,,
241,Nugine,const-str,copilot-instructions,106,https://github.com/Nugine/const-str/blob/main/.github/copilot-instructions.md,System Overview,Architecture,Build & Run,Test,Implementation Details,Configuration & Environment,Development Process,Claude/AI Integration,Maintanability,,,,,,
242,CSUSTers,csust-got,copilot-instructions,11,https://github.com/CSUSTers/csust-got/blob/master/.github/copilot-instructions.md,System Overview,Architecture,Development Process,Build & Run,Test,Maintanability,,,,,,,,,
243,mhackermsft,BlazorAIChat,copilot-instructions,51,https://github.com/mhackermsft/BlazorAIChat/blob/master/.github/copilot-instructions.md,System Overview,Architecture,Claude/AI Integration,Maintanability,,,,,,,,,,,
244,doggy8088,vscode-pangu2,copilot-instructions,10,https://github.com/doggy8088/vscode-pangu2/blob/main/.github/copilot-instructions.md,System Overview,Architecture,Development Process,Test,Debugging,Configuration & Environment,Build & Run,Deployment and Operations,,,,,,,
245,Azure,fleet,copilot-instructions,220,https://github.com/Azure/fleet/blob/main/.github/copilot-instructions.md,System Overview,Implementation Details,Architecture,Test,Development Process,,,,,,,,,,
246,kkweon,butler,copilot-instructions,5,https://github.com/kkweon/butler/blob/master/.github/copilot-instructions.md,Implementation Details,Architecture,Test,Development Process,Maintanability,,,,,,,,,,
247,microsoft,AzureTRE,copilot-instructions,213,https://github.com/microsoft/AzureTRE/blob/main/.github/copilot-instructions.md,System Overview,Architecture,Implementation Details,Configuration & Environment,Deployment and Operations,,,,,,,,,,
248,yinzhenyu-su,weekly-git-summary,copilot-instructions,190,https://github.com/yinzhenyu-su/weekly-git-summary/blob/main/.github/copilot-instructions.md,Configuration & Environment,Build & Run,Test,Architecture,Development Process,Deployment and Operations,Debugging,Performance,System Overview,Maintanability,,,,,
249,Azure,terraform-azurerm-avm-ptn-alz-management,copilot-instructions,19,https://github.com/Azure/terraform-azurerm-avm-ptn-alz-management/blob/main/.github/copilot-instructions.md,System Overview,Implementation Details,Architecture,Deployment and Operations,Development Process,Debugging,Claude/AI Integration,Maintanability,,,,,,,
250,FBartos,RoBMA,copilot-instructions,9,https://github.com/FBartos/RoBMA/blob/master/.github/copilot-instructions.md,Implementation Details,Test,,,,,,,,,,,,,
251,luno,luno-mcp,copilot-instructions,11,https://github.com/luno/luno-mcp/blob/main/.github/copilot-instructions.md,Architecture,Implementation Details,Test,Documentation,Security,Development Process,Claude/AI Integration,,,,,,,,
252,timrogers,litra-rs,copilot-instructions,90,https://github.com/timrogers/litra-rs/blob/main/.github/copilot-instructions.md,System Overview,Build & Run,Configuration & Environment,Test,Claude/AI Integration,Maintanability,,,,,,,,,
253,dotnet,dotnet-docker,copilot-instructions,4749,https://github.com/dotnet/dotnet-docker/blob/main/.github/copilot-instructions.md,Documentation,Build & Run,Test,Implementation Details,,,,,,,,,,,
254,JMBeresford,retrom,copilot-instructions,1402,https://github.com/JMBeresford/retrom/blob/main/.github/copilot-instructions.md,System Overview,Architecture,Development Process,,,,,,,,,,,,
255,openfoodfacts,smooth-app,copilot-instructions,1160,https://github.com/openfoodfacts/smooth-app/blob/master/.github/copilot-instructions.md,System Overview,Build & Run,Configuration & Environment,Test,Development Process,Architecture,Debugging,Deployment and Operations,Performance,Maintanability,,,,,
256,SwitchbackTech,compass,copilot-instructions,198,https://github.com/SwitchbackTech/compass/blob/main/.github/copilot-instructions.md,,,,,,,,,,,,,,,
257,asgardeo,thunder,copilot-instructions,54,https://github.com/asgardeo/thunder/blob/main/.github/copilot-instructions.md,System Overview,Architecture,Implementation Details,Documentation,Test,,,,,,,,,,
258,FidelusAleksander,ghcertified,copilot-instructions,792,https://github.com/FidelusAleksander/ghcertified/blob/master/.github/copilot-instructions.md,Architecture,System Overview,Build & Run,UI/UX,,,,,,,,,,,
259,IntelliTect,EssentialCSharp.Web,copilot-instructions,8,https://github.com/IntelliTect/EssentialCSharp.Web/blob/main/.github/copilot-instructions.md,System Overview,Architecture,Test,Build & Run,Configuration & Environment,Development Process,Security,Performance,Project Management,Implementation Details,,,,,
260,camunda,camunda,copilot-instructions,3830,https://github.com/camunda/camunda/blob/main/.github/copilot-instructions.md,System Overview,Build & Run,Test,Implementation Details,Security,Development Process,Deployment and Operations,,,,,,,,
261,dotnet,docs,copilot-instructions,4554,https://github.com/dotnet/docs/blob/main/.github/copilot-instructions.md,Claude/AI Integration,Implementation Details,Development Process,,,,,,,,,,,,
262,GH-Event-Demos,gitvision-workshop,copilot-instructions,11,https://github.com/GH-Event-Demos/gitvision-workshop/blob/main/.github/copilot-instructions.md,System Overview,Security,Implementation Details,Architecture,Test,Claude/AI Integration,,,,,,,,,
263,adamsilverstein,wp-performance-wizard,copilot-instructions,5,https://github.com/adamsilverstein/wp-performance-wizard/blob/main/.github/copilot-instructions.md,Implementation Details,,,,,,,,,,,,,,
264,microsoft,vscode-docs,copilot-instructions,6203,https://github.com/microsoft/vscode-docs/blob/main/.github/copilot-instructions.md,Documentation,,,,,,,,,,,,,,
265,PlagueHO,foundryvtt-azure,copilot-instructions,7,https://github.com/PlagueHO/foundryvtt-azure/blob/main/.github/copilot-instructions.md,Build & Run,Development Process,Architecture,Implementation Details,,,,,,,,,,,
266,invokable,laravel-line-sdk,copilot-instructions,20,https://github.com/invokable/laravel-line-sdk/blob/main/.github/copilot-instructions.md,System Overview,Architecture,Configuration & Environment,Implementation Details,Test,Build & Run,Development Process,Deployment and Operations,,,,,,,
267,dotnet,docs-aspire,copilot-instructions,159,https://github.com/dotnet/docs-aspire/blob/main/.github/copilot-instructions.md,Documentation,Claude/AI Integration,Implementation Details,,,,,,,,,,,,
268,philips-software,roslyn-analyzers,copilot-instructions,55,https://github.com/philips-software/roslyn-analyzers/blob/main/.github/copilot-instructions.md,System Overview,Build & Run,Development Process,Architecture,Implementation Details,Performance,Debugging,Claude/AI Integration,Test,Deployment and Operations,,,,,
269,xability,maidr,copilot-instructions,15,https://github.com/xability/maidr/blob/main/.github/copilot-instructions.md,System Overview,Architecture,Development Process,Implementation Details,Maintanability,,,,,,,,,,
270,triggerdotdev,trigger.dev,copilot-instructions,12616,https://github.com/triggerdotdev/trigger.dev/blob/main/.github/copilot-instructions.md,System Overview,Implementation Details,,,,,,,,,,,,,
271,srbhr,Resume-Matcher,copilot-instructions,23637,https://github.com/srbhr/Resume-Matcher/blob/main/.github/copilot-instructions.md,Claude/AI Integration,Architecture,System Overview,Development Process,Implementation Details,Test,Security,Configuration & Environment,Deployment and Operations,Performance,Debugging,,,,
272,carlocardella,vscode-TextToolbox,copilot-instructions,12,https://github.com/carlocardella/vscode-TextToolbox/blob/master/.github/copilot-instructions.md,System Overview,Claude/AI Integration,Documentation,Development Process,Deployment and Operations,Maintanability,UI/UX,Implementation Details,,,,,,,
273,microsoft,typespec,copilot-instructions,5427,https://github.com/microsoft/typespec/blob/main/.github/copilot-instructions.md,System Overview,Configuration & Environment,Build & Run,Test,Maintanability,Development Process,Architecture,Performance,Project Management,Debugging,,,,,
274,Catfriend1,syncthing-lite,copilot-instructions,98,https://github.com/Catfriend1/syncthing-lite/blob/main/.github/copilot-instructions.md,Architecture,Implementation Details,Claude/AI Integration,Build & Run,Maintanability,,,,,,,,,,
275,aborruso,scrape-cli,copilot-instructions,20,https://github.com/aborruso/scrape-cli/blob/master/.github/copilot-instructions.md,System Overview,Architecture,Development Process,Implementation Details,Claude/AI Integration,,,,,,,,,,
276,microsoft,FluidFramework,copilot-instructions,4874,https://github.com/microsoft/FluidFramework/blob/main/.github/copilot-instructions.md,Implementation Details,,,,,,,,,,,,,,
277,microsoft,mcp,copilot-instructions,2010,https://github.com/microsoft/mcp/blob/main/.github/copilot-instructions.md,Implementation Details,Development Process,,,,,,,,,,,,,
278,meza,minecraft-mod-manager,copilot-instructions,60,https://github.com/meza/minecraft-mod-manager/blob/main/.github/copilot-instructions.md,System Overview,Development Process,Maintanability,Test,Configuration & Environment,,,,,,,,,,
279,RyanCavanaugh,TypeScript,copilot-instructions,8,https://github.com/RyanCavanaugh/TypeScript/blob/main/.github/copilot-instructions.md,System Overview,Architecture,Development Process,Claude/AI Integration,Build & Run,Test,Maintanability,,,,,,,,
280,petitstrawberry,Scarlet,copilot-instructions,15,https://github.com/petitstrawberry/Scarlet/blob/main/.github/copilot-instructions.md,Development Process,System Overview,Test,Build & Run,Implementation Details,,,,,,,,,,
281,aavetis,ui-prototyper,copilot-instructions,18,https://github.com/aavetis/ui-prototyper/blob/main/.github/copilot-instructions.md,Claude/AI Integration,Implementation Details,UI/UX,,,,,,,,,,,,
282,ScrumGuides,ScrumGuide-ExpansionPack,copilot-instructions,49,https://github.com/ScrumGuides/ScrumGuide-ExpansionPack/blob/main/.github/copilot-instructions.md,System Overview,Architecture,Configuration & Environment,UI/UX,Implementation Details,Performance,Build & Run,Deployment and Operations,Development Process,Test,Debugging,,,,
283,ocordova,cordova.me,copilot-instructions,5,https://github.com/ocordova/cordova.me/blob/master/.github/copilot-instructions.md,System Overview,Architecture,Implementation Details,Performance,Test,Debugging,Configuration & Environment,Claude/AI Integration,,,,,,,
284,dogmatiq,dogma,copilot-instructions,37,https://github.com/dogmatiq/dogma/blob/main/.github/copilot-instructions.md,System Overview,Development Process,Documentation,Implementation Details,Architecture,Maintanability,Build & Run,Test,,,,,,,
285,mysql-net,MySqlConnector,copilot-instructions,1474,https://github.com/mysql-net/MySqlConnector/blob/master/.github/copilot-instructions.md,System Overview,Implementation Details,Performance,Test,,,,,,,,,,,
286,autoguru-au,overdrive,copilot-instructions,45,https://github.com/autoguru-au/overdrive/blob/main/.github/copilot-instructions.md,Architecture,Implementation Details,Performance,Maintanability,UI/UX,Documentation,,,,,,,,,
287,microsoft,onnxruntime-genai,copilot-instructions,856,https://github.com/microsoft/onnxruntime-genai/blob/main/.github/copilot-instructions.md,Architecture,System Overview,Build & Run,Test,Implementation Details,Configuration & Environment,Performance,,,,,,,,
288,krissen,polleninformation,copilot-instructions,23,https://github.com/krissen/polleninformation/blob/master/.github/copilot-instructions.md,System Overview,Configuration & Environment,Build & Run,Test,Implementation Details,Architecture,Development Process,Debugging,,,,,,,
289,timmo001,system-bridge,copilot-instructions,312,https://github.com/timmo001/system-bridge/blob/master/.github/copilot-instructions.md,,,,,,,,,,,,,,,
290,catalystneuro,neuroconv,copilot-instructions,65,https://github.com/catalystneuro/neuroconv/blob/main/.github/copilot-instructions.md,Configuration & Environment,Development Process,Documentation,Deployment and Operations,,,,,,,,,,,
291,BrighterCommand,Brighter,copilot-instructions,2312,https://github.com/BrighterCommand/Brighter/blob/master/.github/copilot-instructions.md,,,,,,,,,,,,,,,
292,GrantBirki,json-yaml-validate,copilot-instructions,38,https://github.com/GrantBirki/json-yaml-validate/blob/main/.github/copilot-instructions.md,Claude/AI Integration,Build & Run,Test,Development Process,Implementation Details,Architecture,Deployment and Operations,Maintanability,,,,,,,
293,ublue-os,packages,copilot-instructions,28,https://github.com/ublue-os/packages/blob/main/.github/copilot-instructions.md,Architecture,System Overview,Implementation Details,Build & Run,Test,Project Management,Deployment and Operations,Security,Debugging,,,,,,
294,saebyn,glowing-telegram,copilot-instructions,33,https://github.com/saebyn/glowing-telegram/blob/main/.github/copilot-instructions.md,Build & Run,Test,Architecture,Development Process,Implementation Details,Deployment and Operations,,,,,,,,,
295,Saksham-Goel1107,Dionysus,copilot-instructions,9,https://github.com/Saksham-Goel1107/Dionysus/blob/main/.github/copilot-instructions.md,System Overview,Configuration & Environment,Build & Run,Test,Architecture,Development Process,Debugging,Deployment and Operations,,,,,,,
296,braze-inc,braze-docs,copilot-instructions,15,https://github.com/braze-inc/braze-docs/blob/main/.github/copilot-instructions.md,Development Process,Implementation Details,Claude/AI Integration,UI/UX,,,,,,,,,,,
297,remotion-dev,remotion,copilot-instructions,24286,https://github.com/remotion-dev/remotion/blob/main/.github/copilot-instructions.md,Architecture,Build & Run,Documentation,Development Process,,,,,,,,,,,
298,doggy8088,github-copilot-configs,copilot-instructions,898,https://github.com/doggy8088/github-copilot-configs/blob/main/.github/copilot-instructions.md,Implementation Details,,,,,,,,,,,,,,
299,tfausak,cabal-gild,copilot-instructions,62,https://github.com/tfausak/cabal-gild/blob/main/.github/copilot-instructions.md,Build & Run,Test,Development Process,Maintanability,,,,,,,,,,,
300,spadrapo,drapo,copilot-instructions,10,https://github.com/spadrapo/drapo/blob/master/.github/copilot-instructions.md,Claude/AI Integration,System Overview,Architecture,Test,Build & Run,Development Process,Implementation Details,Maintanability,,,,,,,
301,keepassxreboot,keepassxc,copilot-instructions,24458,https://github.com/keepassxreboot/keepassxc/blob/master/.github/copilot-instructions.md,System Overview,Development Process,Build & Run,Test,Architecture,Configuration & Environment,,,,,,,,,
302,wagtail,sphinx-wagtail-theme,copilot-instructions,33,https://github.com/wagtail/sphinx-wagtail-theme/blob/main/.github/copilot-instructions.md,Claude/AI Integration,UI/UX,,,,,,,,,,,,,
303,NewFuture,DDNS,copilot-instructions,,https://github.com/NewFuture/DDNS/blob/master/.github/copilot-instructions.md,System Overview,Implementation Details,Test,Maintanability,Documentation,Architecture,Development Process,,,,,,,,
304,MicrosoftDocs,azure-devops-docs,copilot-instructions,902,https://github.com/MicrosoftDocs/azure-devops-docs/blob/master/.github/copilot-instructions.md,,,,,,,,,,,,,,,
305,Pipelex,pipelex-cookbook,copilot-instructions,15,https://github.com/Pipelex/pipelex-cookbook/blob/main/.github/copilot-instructions.md,Claude/AI Integration,Implementation Details,System Overview,,,,,,,,,,,,
306,alandtse,alexa_media_player,copilot-instructions,,https://github.com/alandtse/alexa_media_player/blob/master/.github/copilot-instructions.md,System Overview,Configuration & Environment,Maintanability,Test,Build & Run,Development Process,Deployment and Operations,Debugging,Architecture,,,,,,
307,Shelter-Partner,ShelterPartner,copilot-instructions,8,https://github.com/Shelter-Partner/ShelterPartner/blob/main/.github/copilot-instructions.md,System Overview,Development Process,Architecture,Test,Implementation Details,Build & Run,Maintanability,,,,,,,,
308,ably,ably-chat-js,copilot-instructions,, https://github.com/ably/ably-chat-js/blob/main/.github/copilot-instructions.md,System Overview,Documentation,Architecture,Claude/AI Integration,Test,Implementation Details,Maintanability,Debugging,,,,,,,
309,aldrin-labs,opensvm,copilot-instructions,,https://github.com/aldrin-labs/opensvm/blob/main/.github/copilot-instructions.md,System Overview,Architecture,Build & Run,Test,Maintanability,Implementation Details,Documentation,,,,,,,,
310,PrismarineJS,minecraft-data,copilot-instructions,777,https://github.com/PrismarineJS/minecraft-data/blob/master/.github/copilot-instructions.md,System Overview,Architecture,Build & Run,Implementation Details,Development Process,Deployment and Operations,Test,,,,,,,,
311,TimBeyer,node-dlx,copilot-instructions,9,https://github.com/TimBeyer/node-dlx/blob/master/.github/copilot-instructions.md,Test,Performance,Development Process,,,,,,,,,,,,
312,jamesmontemagno,feedbackflow,copilot-instructions,,https://github.com/jamesmontemagno/feedbackflow/blob/main/.github/copilot-instructions.md,Development Process,Build & Run,Test,Architecture,UI/UX,Implementation Details,Debugging,Performance,Documentation,Security,,,,,
313,dotnet,msbuild,copilot-instructions,5438,https://github.com/dotnet/msbuild/blob/main/.github/copilot-instructions.md,System Overview,Build & Run,Test,Development Process,Architecture,Debugging,Implementation Details,,,,,,,,
314,christianhelle,apiclientcodegen,copilot-instructions,193,https://github.com/christianhelle/apiclientcodegen/blob/master/.github/copilot-instructions.md,Architecture,System Overview,Configuration & Environment,Build & Run,Test,Development Process,Maintanability,,,,,,,,
315,zauberzeug,nicegui,copilot-instructions,14240,https://github.com/zauberzeug/nicegui/blob/main/.github/copilot-instructions.md,,,,,,,,,,,,,,,
316,MaxKorlaar,hypixel-signatures,copilot-instructions,12,https://github.com/MaxKorlaar/hypixel-signatures/blob/main/.github/copilot-instructions.md,System Overview,Configuration & Environment,Implementation Details,Architecture,Claude/AI Integration,Documentation,Test,Debugging,,,,,,,
317,versia-pub,server,copilot-instructions,45,https://github.com/versia-pub/server/blob/main/.github/copilot-instructions.md,Architecture,Implementation Details,System Overview,,,,,,,,,,,,
318,risingwavelabs,risingwave,copilot-instructions,8441,https://github.com/risingwavelabs/risingwave/blob/main/.github/copilot-instructions.md,System Overview,Architecture,Build & Run,Test,Implementation Details,Development Process,Configuration & Environment,Documentation,,,,,,,
319,dotnet,java-interop,copilot-instructions,245,https://github.com/dotnet/java-interop/blob/main/.github/copilot-instructions.md,System Overview,Architecture,Implementation Details,Configuration & Environment,Build & Run,Documentation,Debugging,,,,,,,,
320,TECH7Fox,asterisk-hass-integration,copilot-instructions,84,https://github.com/TECH7Fox/asterisk-hass-integration/blob/main/.github/copilot-instructions.md,System Overview,Configuration & Environment,Development Process,Test,Architecture,Project Management,Debugging,Deployment and Operations,,,,,,,
321,digitarald,vscode-agent-todos,copilot-instructions,32,https://github.com/digitarald/vscode-agent-todos/blob/main/.github/copilot-instructions.md,System Overview,Architecture,Implementation Details,Security,Test,Performance,Maintanability,,,,,,,,
322,jamesmontemagno,bingo-o-matic,copilot-instructions,,https://github.com/jamesmontemagno/bingo-o-matic/blob/main/.github/copilot-instructions.md,Architecture,Implementation Details,Performance,Test,Debugging,Security,,,,,,,,,
323,ArduPilot,MethodicConfigurator,copilot-instructions,96,https://github.com/ArduPilot/MethodicConfigurator/blob/master/.github/copilot-instructions.md,System Overview,Implementation Details,Test,Architecture,Maintanability,,,,,,,,,,
324,microsoft,react-native-windows,copilot-instructions,17034,https://github.com/microsoft/react-native-windows/blob/main/.github/copilot-instructions.md,System Overview,Architecture,Implementation Details,Build & Run,Test,Development Process,Performance,Documentation,Maintanability,,,,,,
325,james-gould,azure-keyvault-emulator,copilot-instructions,204,https://github.com/james-gould/azure-keyvault-emulator/blob/master/.github/copilot-instructions.md,System Overview,Configuration & Environment,Build & Run,Test,Development Process,Architecture,Debugging,,,,,,,,
326,owid,owid-grapher,copilot-instructions,1481,https://github.com/owid/owid-grapher/blob/master/.github/copilot-instructions.md,,,,,,,,,,,,,,,
327,malgo-lang,malgo,copilot-instructions,45,https://github.com/malgo-lang/malgo/blob/master/.github/copilot-instructions.md,Architecture,Build & Run,Test,Implementation Details,Debugging,Development Process,System Overview,,,,,,,,
328,Comfy-Org,ComfyUI_frontend,copilot-instructions,1411,https://github.com/Comfy-Org/ComfyUI_frontend/blob/main/.github/copilot-instructions.md,Implementation Details,UI/UX,,,,,,,,,,,,,
329,dotnet,SqlClient,copilot-instructions,952,https://github.com/dotnet/SqlClient/blob/main/.github/copilot-instructions.md,Claude/AI Integration,System Overview,Implementation Details,Test,Development Process,Documentation,Deployment and Operations,Debugging,Architecture,Security,,,,,
330,friendsofhyperf,components,copilot-instructions,109,https://github.com/friendsofhyperf/components/blob/main/.github/copilot-instructions.md,System Overview,Architecture,Implementation Details,Test,Documentation,Development Process,Build & Run,Deployment and Operations,Maintanability,,,,,,
331,FricoRico,Versta.Android,copilot-instructions,49,https://github.com/FricoRico/Versta.Android/blob/main/.github/copilot-instructions.md,System Overview,Implementation Details,Development Process,Test,UI/UX,,,,,,,,,,
332,ccampora,mcp_xpp,copilot-instructions,,https://github.com/ccampora/mcp_xpp/blob/main/.github/copilot-instructions.md,Implementation Details,Test,Build & Run,Documentation,,,,,,,,,,,